Date,Close,High,Low,Open,Volume
2010-01-01,28.3,28.94,28.27,28.81,0
2010-01-04,29.1,29.14,28.2,28.53,1199699
2010-01-05,28.76,29.17,28.65,28.96,957019
2010-01-06,29.4,29.44,28.78,28.9,2014598
2010-01-07,29.08,29.16,28.77,29.1,2051248
2010-01-08,28.87,28.89,28.49,28.55,1168269
2010-01-11,28.68,28.99,28.2,28.82,1281603
2010-01-12,28.21,28.76,28.18,28.59,1352455
2010-01-13,28.46,28.59,28.29,28.35,727328
2010-01-14,28.5,28.6375,28.23,28.37,1044632
2010-01-15,28.44,28.59,28.14,28.52,2627110
2010-01-18,28.44,28.59,28.14,28.52,0
2010-01-19,28.4,28.52,28.2,28.25,1356375
2010-01-20,28.34,28.43,27.86,28.15,1451805
2010-01-21,27.75,28.47,27.66,28.42,2202087
2010-01-22,27.36,27.69,27.26,27.55,1273132
2010-01-25,27.36,27.59,27.2,27.59,914725
2010-01-26,27.43,27.555,27.05,27.25,855673
2010-01-27,27.5,27.57,26.99,27.33,1216450
2010-01-28,27.61,27.9,27.415,27.84,1199960
2010-01-29,27.66,28.0,27.45,27.59,1397803
2010-02-01,27.8,27.91,27.58,27.84,826769
2010-02-02,28.06,28.13,27.75,27.78,993019
2010-02-03,28.06,28.25,27.8181,27.99,1106643
2010-02-04,26.84,27.93,26.78,27.85,1713739
2010-02-05,27.1,27.14,26.38,26.73,2351067
2010-02-08,26.84,27.27,26.82,26.98,1045144
2010-02-09,26.86,27.125,26.635,27.04,1518030
2010-02-10,26.84,26.9098,26.48,26.81,1727777
2010-02-11,27.17,27.295,26.56,26.81,1522273
2010-02-12,27.08,27.14,26.71,26.94,1553083
2010-02-15,27.08,27.14,26.71,26.94,0
2010-02-16,27.44,27.54,27.01,27.26,1673776
2010-02-17,28.59,28.71,27.39,27.43,3933331
2010-02-18,29.14,29.18,28.51,28.65,1555049
2010-02-19,28.93,29.225,28.89,28.99,1825369
2010-02-22,28.65,29.05,28.48,28.89,1286746
2010-02-23,28.42,28.69,28.21,28.58,1226228
2010-02-24,28.65,28.69,28.31,28.59,1810996
2010-02-25,31.83,32.02,30.38,30.91,12704353
2010-02-26,31.75,32.03,30.95,31.3,3313482
2010-03-01,31.18,32.18,31.15,31.95,2578537
2010-03-02,31.5,31.73,31.29,31.34,2563568
2010-03-03,31.65,32.0,31.49,31.57,2333605
2010-03-04,31.95,32.14,31.63,31.65,3293350
2010-03-05,32.35,32.45,31.955,32.08,2495326
2010-03-08,32.85,33.05,32.16,32.39,3385382
2010-03-09,33.47,33.93,32.64,32.68,3405136
2010-03-10,33.65,33.85,33.25,33.43,3696013
2010-03-11,35.03,35.24,34.31,34.44,6037186
2010-03-12,34.97,35.33,34.915,35.23,1689731
2010-03-15,34.95,35.7,34.7375,35.47,3033994
2010-03-16,36.47,36.58,35.3,35.45,4579494
2010-03-17,36.68,36.8,36.32,36.65,2607240
2010-03-18,36.67,37.06,36.35,36.67,3296459
2010-03-19,36.18,36.85,36.05,36.69,3684834
2010-03-22,36.8,36.93,36.12,36.21,2465050
2010-03-23,36.57,36.97,36.26,36.9,2099141
2010-03-24,36.33,36.62,36.01,36.5,2308903
2010-03-25,36.13,36.75,36.08,36.72,2282978
2010-03-26,35.8,36.39,35.41,36.18,2726011
2010-03-29,35.64,35.99,35.56,35.82,1904249
2010-03-30,35.63,36.01,35.35,35.66,1647303
2010-03-31,35.17,35.68,35.12,35.61,1651822
2010-04-01,35.48,35.54,35.16,35.29,2631925
2010-04-02,35.48,35.54,35.16,35.29,0
2010-04-05,35.47,35.93,35.385,35.53,2168491
2010-04-06,35.45,35.59,35.19,35.34,1820345
2010-04-07,34.95,35.52,34.95,35.36,2277329
2010-04-08,35.22,35.48,34.66,34.87,1994707
2010-04-09,35.15,35.23,34.89,35.11,1775557
2010-04-12,35.02,35.28,34.88,35.24,1428382
2010-04-13,34.87,35.109,34.77,35.09,1432196
2010-04-14,34.75,35.12,34.68,34.83,2084409
2010-04-15,34.23,34.685,34.05,34.63,3100411
2010-04-16,34.03,34.4,33.88,34.11,2400101
2010-04-19,34.09,34.2,33.64,34.0,1610440
2010-04-20,34.01,34.29,33.855,34.19,1165224
2010-04-21,33.79,34.36,33.675,33.99,1632575
2010-04-22,33.4,33.72,33.06,33.6,1878316
2010-04-23,33.59,33.77,33.2,33.51,1052768
2010-04-26,34.04,34.2,33.65,33.65,3044593
2010-04-27,33.22,33.9,33.13,33.76,1779508
2010-04-28,33.51,33.58,33.01,33.27,1807397
2010-04-29,34.35,34.35,33.51,33.62,1949383
2010-04-30,32.73,34.44,32.69,34.32,4313468
2010-05-03,34.19,34.54,33.63,33.91,2441951
2010-05-04,33.23,34.1,33.025,33.72,2987697
2010-05-05,33.99,34.55,32.71,33.0,3410924
2010-05-06,34.37,36.0,33.73,34.12,9008972
2010-05-07,35.72,36.4,34.31,34.48,7388396
2010-05-10,36.62,36.77,35.93,36.6,3735220
2010-05-11,36.78,37.45,36.02,36.22,4002156
2010-05-12,37.87,38.14,36.87,37.01,5570659
2010-05-13,37.89,38.9,37.8,38.66,4655161
2010-05-14,37.25,37.79,36.75,37.75,2807135
2010-05-17,38.0,38.2,37.28,37.48,3095042
2010-05-18,38.12,38.93,38.03,38.08,5208683
2010-05-19,38.07,38.19,37.34,37.88,2752507
2010-05-20,36.27,37.64,36.22,37.5,3682270
2010-05-21,36.72,36.93,35.5,35.87,3528560
2010-05-24,36.83,37.15,36.31,36.51,2364431
2010-05-25,37.11,37.145,35.29,35.87,3089505
2010-05-26,37.29,37.84,37.22,37.25,2829107
2010-05-27,38.17,38.34,37.57,37.82,3065627
2010-05-28,37.86,38.4296,37.78,38.0,2467649
2010-05-31,37.86,38.4296,37.78,38.0,0
2010-06-01,37.65,38.31,37.21,37.42,2766732
2010-06-02,37.94,38.0,37.29,37.75,2210018
2010-06-03,37.2,38.42,37.07,38.0,4390423
2010-06-04,36.49,37.22,35.84,36.95,4469088
2010-06-07,35.85,36.31,35.62,36.1,3413907
2010-06-08,36.54,37.04,35.73,35.83,4102600
2010-06-09,36.14,36.78,36.01,36.76,2667336
2010-06-10,36.87,37.13,36.52,36.52,2936912
2010-06-11,37.29,37.37,36.59,36.59,2461815
2010-06-14,37.44,37.91,37.34,37.62,3213012
2010-06-15,37.78,37.9099,37.43,37.59,3446857
2010-06-16,38.02,38.25,37.65,37.8,2343968
2010-06-17,38.24,38.25,37.63,37.84,2747038
2010-06-18,37.96,38.37,37.89,38.17,3541239
2010-06-21,38.14,38.5,37.93,38.31,3290582
2010-06-22,37.42,38.38,37.36,38.16,4696810
2010-06-23,37.29,37.69,36.75,37.14,2498468
2010-06-24,37.18,37.54,36.7801,37.03,2327126
2010-06-25,36.57,37.22,36.39,37.22,3513438
2010-06-28,38.07,38.2,36.52,36.81,3575777
2010-06-29,37.79,38.06,37.35,37.6,10204408
2010-06-30,37.39,38.08,37.27,37.68,4973894
2010-07-01,37.44,37.55,36.9,37.49,3064172
2010-07-02,37.28,38.03,37.25,37.6,1694847
2010-07-05,37.28,38.03,37.25,37.6,0
2010-07-06,37.97,38.09,37.5,37.71,2581998
2010-07-07,38.0,38.06,37.51,38.02,3800371
2010-07-08,38.2,38.25,37.86,38.04,2918512
2010-07-09,38.54,38.74,38.12,38.2,4287357
2010-07-12,38.58,38.69,38.21,38.6,3711385
2010-07-13,39.16,39.31,38.9,38.96,4505760
2010-07-14,39.25,39.54,38.89,39.02,3055688
2010-07-15,38.98,39.49,38.71,39.24,4493873
2010-07-16,38.25,39.03,38.02,38.79,2278821
2010-07-19,38.88,38.98,38.37,38.37,3166243
2010-07-20,39.6,39.66,38.37,38.37,3253175
2010-07-21,38.88,39.89,38.722,39.8,3770389
2010-07-22,39.6,39.8,39.1,39.15,2017766
2010-07-23,39.82,39.82,39.3,39.63,2030790
2010-07-26,40.1,40.24,39.65,39.82,2559814
2010-07-27,39.7,40.01,39.32,40.01,2507753
2010-07-28,38.23,39.88,37.94,39.76,5364774
2010-07-29,37.12,38.28,36.4,38.02,5644887
2010-07-30,37.55,37.84,36.49,36.97,3229763
2010-08-02,37.71,38.3,37.32,38.03,2769667
2010-08-03,37.63,37.85,37.28,37.54,1624018
2010-08-04,37.77,37.83,37.31,37.62,1802395
2010-08-05,37.29,37.62,37.04,37.6,2917283
2010-08-06,36.87,37.28,36.58,37.05,2540877
2010-08-09,36.73,37.46,36.67,37.09,2095934
2010-08-10,37.26,37.59,36.31,36.56,2811779
2010-08-11,36.85,37.16,36.36,36.85,2483189
2010-08-12,36.99,37.03,36.19,36.33,2580791
2010-08-13,36.84,37.07,36.58,36.98,1634443
2010-08-16,36.82,36.89,36.32,36.69,3090841
2010-08-17,36.77,37.04,36.44,36.93,3454061
2010-08-18,36.92,37.05,36.53,36.74,2587103
2010-08-19,36.8,37.02,36.47,36.77,3410933
2010-08-20,36.76,36.85,36.23,36.49,1781478
2010-08-23,36.53,37.0,36.53,36.78,1376468
2010-08-24,36.9,37.15,36.01,36.08,2469194
2010-08-25,37.22,37.43,36.65,36.65,3384655
2010-08-26,37.07,37.61,36.96,37.42,1618937
2010-08-27,37.38,37.45,36.72,37.17,1147093
2010-08-30,37.0,37.54,37.0,37.38,1460747
2010-08-31,36.82,37.1,36.54,36.76,2209557
2010-09-01,37.71,37.74,36.79,37.08,1949758
2010-09-02,38.05,38.05,37.37,37.68,1694929
2010-09-03,38.3,38.38,37.85,38.17,1311029
2010-09-06,38.3,38.38,37.85,38.17,0
2010-09-07,38.19,38.48,37.88,38.24,2250281
2010-09-08,38.13,38.77,38.08,38.19,3024467
2010-09-09,35.59,38.52,35.55,38.48,8810982
2010-09-10,34.73,35.27,34.34,35.17,7614902
2010-09-13,34.86,35.23,34.59,35.23,4354381
2010-09-14,34.64,34.91,34.565,34.76,3202234
2010-09-15,35.6,35.69,34.5,34.6,4288342
2010-09-16,35.19,35.26,34.75,35.19,2023030
2010-09-17,35.31,35.4,35.02,35.22,2860096
2010-09-20,35.39,35.54,35.13,35.28,1763026
2010-09-21,34.8,35.326,34.65,35.29,1973790
2010-09-22,34.43,34.97,34.29,34.63,1892818
2010-09-23,33.94,34.24,33.6,34.22,2707984
2010-09-24,34.95,35.29,34.8,35.04,2701041
2010-09-27,34.82,35.08,34.41,34.85,2247643
2010-09-28,35.72,35.74,34.575,34.9,2384988
2010-09-29,35.38,35.7,35.16,35.61,1699065
2010-09-30,35.52,35.86,35.33,35.36,2338131
2010-10-01,35.11,36.03,34.83,35.56,3338707
2010-10-04,34.64,35.02,34.54,34.94,2145331
2010-10-05,35.49,35.6,34.911,34.94,3174064
2010-10-06,35.08,35.49,34.93,35.35,1463285
2010-10-07,34.6,35.01,34.5,34.63,2690871
2010-10-08,34.73,34.99,34.23,34.55,1878786
2010-10-11,34.88,34.94,34.73,34.8,851820
2010-10-12,34.78,34.94,34.725,34.79,1260820
2010-10-13,35.34,35.5,34.75,34.85,2333496
2010-10-14,35.03,35.56,34.92,35.38,1718021
2010-10-15,34.97,35.37,34.87,35.27,1810133
2010-10-18,34.36,35.04,34.33,35.04,1890111
2010-10-19,33.89,34.17,33.66,34.07,1808508
2010-10-20,35.11,35.12,33.89,33.95,2457244
2010-10-21,35.86,35.86,35.18,35.24,2381871
2010-10-22,35.89,35.98,35.59,35.78,1307150
2010-10-25,35.97,36.22,35.815,36.22,1508017
2010-10-26,35.69,36.06,35.62,35.9,2008922
2010-10-27,36.48,36.79,34.0,34.03,5409855
2010-10-28,36.5,37.005,36.35,36.77,2226201
2010-10-29,36.59,36.6,36.27,36.5,1646651
2010-11-01,36.57,36.86,36.44,36.86,1855271
2010-11-02,37.22,37.31,36.7,36.84,1567543
2010-11-03,37.05,37.48,36.77,37.2,996260
2010-11-04,37.22,37.54,37.08,37.34,1179447
2010-11-05,37.15,37.45,37.0,37.27,1068375
2010-11-08,36.58,37.22,36.53,37.12,1387752
2010-11-09,36.09,36.8,35.99,36.64,1844201
2010-11-10,36.54,36.6799,35.9,36.03,2053475
2010-11-11,36.19,36.51,36.09,36.36,1856869
2010-11-12,36.18,36.42,35.99,35.99,1129358
2010-11-15,36.57,36.77,36.24,36.24,2748918
2010-11-16,36.43,37.08,36.33,36.61,1664575
2010-11-17,36.42,36.55,36.24,36.28,1252142
2010-11-18,37.11,37.33,36.68,36.74,1359717
2010-11-19,37.98,38.15,36.9,37.14,2080992
2010-11-22,38.08,38.23,37.68,37.8,1003603
2010-11-23,37.37,37.73,37.24,37.72,1212854
2010-11-24,37.66,37.77,37.15,37.15,794939
2010-11-25,37.66,37.77,37.15,37.15,0
2010-11-26,37.29,37.51,37.25,37.43,428858
2010-11-29,36.57,37.02,36.22,37.02,1625986
2010-11-30,36.63,36.76,36.14,36.41,3120940
2010-12-01,37.06,37.24,36.565,36.94,2300820
2010-12-02,37.79,37.86,36.76,37.03,2275882
2010-12-03,37.64,37.9,37.5,37.62,906497
2010-12-06,36.88,37.51,36.85,37.51,1122334
2010-12-07,36.73,37.3,36.6,37.09,1206617
2010-12-08,36.59,36.89,35.91,36.71,2718818
2010-12-09,37.63,37.64,36.56,36.78,2548628
2010-12-10,37.42,37.6,37.11,37.6,1625770
2010-12-13,37.04,37.64,36.62,37.52,2289785
2010-12-14,37.28,37.28,36.84,37.13,1339736
2010-12-15,37.25,37.36,36.91,37.15,2024810
2010-12-16,37.11,37.2,36.79,37.2,1338080
2010-12-17,37.97,38.03,36.86,36.97,5183472
2010-12-20,37.0,38.04,36.79,38.01,3099578
2010-12-21,36.83,37.22,36.7,37.17,1307744
2010-12-22,36.31,36.9,36.21,36.88,1154409
2010-12-23,36.24,36.42,36.0,36.07,1133152
2010-12-24,36.24,36.42,36.0,36.07,0
2010-12-27,36.03,36.35,35.85,36.08,1115445
2010-12-28,36.0,36.129,35.8,36.11,921842
2010-12-29,35.8,36.07,35.72,35.96,1496951
2010-12-30,35.67,35.84,35.44,35.71,1024024
2010-12-31,35.16,35.67,35.12,35.57,1315424
2011-01-03,35.39,35.55,35.05,35.33,1718196
2011-01-04,35.5,35.56,35.03,35.5,2034922
2011-01-05,36.25,36.44,35.26,35.38,3159542
2011-01-06,36.58,36.72,36.07,36.09,2351047
2011-01-07,35.44,36.53,35.31,36.4,3352981
2011-01-10,35.08,35.54,35.0,35.27,2575133
2011-01-11,35.63,35.75,35.02,35.15,2662876
2011-01-12,35.86,36.2,35.43,35.75,2268878
2011-01-13,35.75,36.1,35.55,35.8,1417625
2011-01-14,35.55,35.73,35.32,35.61,976149
2011-01-17,35.55,35.73,35.32,35.61,0
2011-01-18,35.34,35.6705,35.34,35.52,1249572
2011-01-19,35.38,35.55,34.96,35.48,1650160
2011-01-20,35.02,35.46,35.0,35.26,1851085
2011-01-21,35.18,35.37,34.88,35.21,2149393
2011-01-24,34.94,35.28,34.78,35.11,1827444
2011-01-25,35.42,35.76,34.83,34.88,3103966
2011-01-26,35.37,35.74,35.24,35.57,1537999
2011-01-27,35.42,35.96,35.22,35.31,1478398
2011-01-28,34.84,35.84,34.75,35.45,1293051
2011-01-31,35.43,35.48,34.82,34.92,1700755
2011-02-01,35.35,35.89,35.32,35.63,1527070
2011-02-02,35.39,35.4803,34.92,35.31,1403271
2011-02-03,35.27,35.57,34.96,35.27,1465160
2011-02-04,35.64,35.64,35.14,35.22,1043088
2011-02-07,35.71,36.03,35.5,35.56,1294314
2011-02-08,35.26,35.75,35.08,35.63,4009247
2011-02-09,35.18,35.535,35.02,35.27,1012405
2011-02-10,33.96,34.99,33.78,34.98,3896009
2011-02-11,33.96,34.46,33.69,33.87,2966197
2011-02-14,33.73,34.17,33.72,34.01,2231662
2011-02-15,34.0,34.05,33.68,33.72,2190351
2011-02-16,34.25,34.71,33.83,34.08,2676769
2011-02-17,36.2,36.3,35.01,35.8,4535973
2011-02-18,36.41,36.59,35.78,36.27,2295220
2011-02-21,36.41,36.59,35.78,36.27,0
2011-02-22,35.8,36.2702,35.64,36.09,1939823
2011-02-23,35.55,35.93,35.36,35.71,2027120
2011-02-24,35.84,36.29,35.55,35.66,1781622
2011-02-25,36.43,36.45,35.81,35.91,1228999
2011-02-28,36.06,36.5,36.01,36.44,2193115
2011-03-01,36.51,36.64,36.09,36.22,2431452
2011-03-02,36.42,36.8,36.25,36.39,2012988
2011-03-03,37.31,37.36,36.65,36.65,2132683
2011-03-04,37.41,37.46,37.1,37.21,2335032
2011-03-07,37.35,37.78,37.23,37.41,2960323
2011-03-08,37.58,37.91,37.33,37.49,1680842
2011-03-09,37.97,38.04,37.58,37.62,1784609
2011-03-10,37.26,37.7,37.01,37.63,2868175
2011-03-11,37.47,37.71,37.3,37.43,1564427
2011-03-14,37.7,37.85,37.32,37.46,1788430
2011-03-15,37.42,37.65,36.725,37.08,1775378
2011-03-16,36.99,37.73,36.91,37.38,1980628
2011-03-17,37.26,37.565,37.05,37.12,2826429
2011-03-18,37.88,37.96,37.4,37.49,2731757
2011-03-21,37.0,38.15,36.93,38.08,2069094
2011-03-22,37.38,37.4,36.86,37.04,1517550
2011-03-23,37.7,37.89,37.24,37.24,1315086
2011-03-24,37.88,38.25,37.66,37.75,1156280
2011-03-25,37.88,38.21,37.81,37.95,890598
2011-03-28,37.31,37.79,36.99,37.4,1587741
2011-03-29,37.55,37.67,37.14,37.26,1052680
2011-03-30,37.41,37.79,36.81,37.72,2639615
2011-03-31,37.16,37.5,36.99,37.35,2162767
2011-04-01,37.51,37.76,37.31,37.35,2596258
2011-04-04,37.74,37.945,37.45,37.58,1257301
2011-04-05,37.41,37.81,37.39,37.59,1146061
2011-04-06,37.57,37.69,37.4,37.53,1164904
2011-04-07,37.65,37.93,37.49,37.53,1411742
2011-04-08,37.46,38.15,37.29,37.86,1513626
2011-04-11,38.15,38.17,36.2,36.59,3977432
2011-04-12,38.67,39.89,37.92,37.96,4588385
2011-04-13,38.55,38.79,38.17,38.7,2405471
2011-04-14,38.66,38.95,38.15,38.4,1960688
2011-04-15,38.31,38.785,38.27,38.44,2434081
2011-04-18,38.54,38.66,37.84,37.94,2078387
2011-04-19,38.82,38.85,38.28,38.5,1731392
2011-04-20,38.87,39.14,38.82,39.04,1385881
2011-04-21,39.07,39.42,38.71,38.91,1232013
2011-04-22,39.07,39.42,38.71,38.91,0
2011-04-25,38.75,38.99,38.7,38.99,1347467
2011-04-26,38.63,38.87,38.4,38.74,2811048
2011-04-27,40.06,40.43,39.47,39.545,4117275
2011-04-28,39.62,40.1,39.3,40.1,2695631
2011-04-29,39.2,39.79,39.17,39.69,1540039
2011-05-02,39.39,39.64,39.05,39.4,1976178
2011-05-03,39.72,39.73,39.205,39.35,1910670
2011-05-04,39.21,39.82,39.03,39.62,1873221
2011-05-05,39.28,39.45,38.91,39.08,1336684
2011-05-06,39.28,39.85,39.12,39.38,1743780
2011-05-09,39.38,39.49,39.13,39.19,1599163
2011-05-10,39.65,39.65,39.27,39.46,915801
2011-05-11,40.75,40.79,39.89,39.91,3895712
2011-05-12,41.42,41.51,39.58,40.1,3764313
2011-05-13,41.78,42.07,41.52,41.55,2403732
2011-05-16,41.86,41.9,41.5,41.64,1799781
2011-05-17,42.22,42.27,41.72,41.84,1697297
2011-05-18,41.64,42.15,41.41,42.15,2101871
2011-05-19,42.28,42.37,41.89,42.37,1720246
2011-05-20,42.1,42.44,41.81,42.28,1612574
2011-05-23,41.9,41.9799,41.56,41.79,1432726
2011-05-24,41.91,42.12,41.73,41.9,1652120
2011-05-25,41.44,41.8,41.32,41.79,1579438
2011-05-26,41.56,41.62,41.24,41.36,2049249
2011-05-27,41.06,41.91,40.98,41.49,2543206
2011-05-30,41.06,41.91,40.98,41.49,0
2011-05-31,41.2,41.46,40.8,41.3,2686207
2011-06-01,40.94,41.165,40.91,41.15,1940881
2011-06-02,40.76,41.13,40.55,40.98,1527872
2011-06-03,40.3,40.56,40.17,40.48,1380693
2011-06-06,40.07,40.41,40.01,40.36,1171662
2011-06-07,40.17,40.385,40.08,40.2,1645747
2011-06-08,39.74,40.2,39.69,40.2,1651719
2011-06-09,39.91,40.12,39.71,39.75,1564756
2011-06-10,40.31,40.48,39.79,39.8,1905578
2011-06-13,40.77,41.155,40.1,40.29,2232640
2011-06-14,41.12,41.21,40.77,41.02,2341866
2011-06-15,40.72,41.0,40.48,40.87,2136823
2011-06-16,40.68,40.84,40.31,40.6,1700409
2011-06-17,40.54,41.2,40.38,40.94,2137321
2011-06-20,40.9,40.91,40.46,40.55,1191083
2011-06-21,40.81,41.18,40.74,40.92,1386607
2011-06-22,40.44,40.8,40.44,40.6,1438740
2011-06-23,40.04,40.13,39.55,40.06,3028882
2011-06-24,39.89,40.45,39.81,40.13,3605721
2011-06-27,40.55,40.83,40.01,40.02,1423158
2011-06-28,40.78,40.8,40.4,40.6,1821696
2011-06-29,41.41,41.5,40.82,40.89,1985174
2011-06-30,41.93,42.42,41.36,41.4,2584313
2011-07-01,42.15,42.21,41.69,41.85,1577814
2011-07-04,42.15,42.21,41.69,41.85,0
2011-07-05,42.74,43.13,42.15,42.15,2646991
2011-07-06,42.81,43.1,42.45,42.59,2146765
2011-07-07,41.65,42.96,41.65,42.83,3109330
2011-07-08,41.92,42.1,41.41,41.47,2159327
2011-07-11,41.26,41.73,41.105,41.71,1186245
2011-07-12,41.46,41.625,41.26,41.29,1471528
2011-07-13,41.47,41.72,41.29,41.55,1363850
2011-07-14,40.87,41.46,40.85,41.46,1946962
2011-07-15,40.83,41.05,40.62,40.92,1356667
2011-07-18,39.77,40.61,39.61,40.58,2397827
2011-07-19,40.78,40.83,39.91,40.0,1886926
2011-07-20,40.77,40.91,40.38,40.72,1035592
2011-07-21,40.49,41.0,40.36,40.96,2017335
2011-07-22,40.36,40.71,40.32,40.67,1402120
2011-07-25,39.72,40.03,39.61,40.03,2698869
2011-07-26,39.64,39.91,39.56,39.91,2178056
2011-07-27,38.63,39.75,38.3,39.75,3144007
2011-07-28,38.25,38.66,37.98,38.59,2191105
2011-07-29,37.76,38.24,37.57,37.79,1969138
2011-08-01,37.57,38.19,37.39,38.01,1949054
2011-08-02,37.31,37.67,37.27,37.28,2359903
2011-08-03,37.89,38.04,37.14,37.31,2287654
2011-08-04,36.58,37.67,36.48,37.47,3174833
2011-08-05,37.44,37.7,36.695,36.85,4013230
2011-08-08,35.56,37.05,35.56,36.83,4437435
2011-08-09,36.22,36.24,34.37,35.86,4043780
2011-08-10,35.01,36.77,34.92,35.73,2677013
2011-08-11,36.63,37.01,34.92,35.15,2063092
2011-08-12,37.43,37.77,36.56,36.75,1873279
2011-08-15,37.05,37.56,36.67,37.49,2803540
2011-08-16,36.89,37.24,36.57,36.79,1885697
2011-08-17,37.18,37.38,36.81,37.19,1892575
2011-08-18,36.27,36.54,35.77,36.45,1895747
2011-08-19,35.74,36.49,35.58,36.03,1642429
2011-08-22,35.83,36.28,35.695,36.28,1149237
2011-08-23,36.42,36.5,35.65,35.93,1851051
2011-08-24,36.09,36.52,35.939,36.24,1472873
2011-08-25,35.59,36.3,35.55,36.18,1598266
2011-08-26,36.57,36.57,34.93,35.48,1745116
2011-08-29,37.84,37.84,36.84,36.93,1244225
2011-08-30,38.07,38.19,37.395,37.63,1764935
2011-08-31,38.48,38.59,38.16,38.26,1748751
2011-09-01,38.23,38.47,38.0,38.39,1822867
2011-09-02,37.73,37.96,37.52,37.63,1786946
2011-09-05,37.73,37.96,37.52,37.63,0
2011-09-06,37.43,37.49,36.53,36.8,1897383
2011-09-07,37.59,37.9,37.47,37.83,1555683
2011-09-08,37.35,37.72,37.3,37.4,2223253
2011-09-09,36.85,37.05,36.6,37.02,3735377
2011-09-12,36.83,36.955,36.35,36.42,4300928
2011-09-13,37.56,37.75,36.84,36.91,1738596
2011-09-14,38.01,38.34,37.26,37.62,2011771
2011-09-15,37.94,38.06,37.42,37.82,1583026
2011-09-16,38.43,38.55,38.0,38.08,1892902
2011-09-19,37.91,38.08,37.601,37.88,682740
2011-09-20,38.2,38.66,37.91,38.01,1186816
2011-09-21,37.37,38.37,37.37,38.25,2152570
2011-09-22,37.56,37.81,36.37,36.58,2328619
2011-09-23,36.97,37.45,36.77,37.32,2883598
2011-09-26,37.23,37.34,36.54,37.18,1957538
2011-09-27,37.2,37.95,37.08,37.69,2207936
2011-09-28,36.51,37.595,36.47,37.33,1474832
2011-09-29,38.16,38.16,36.9,36.95,2393645
2011-09-30,38.78,39.035,37.73,37.83,2821724
2011-10-03,37.24,38.88,37.23,38.51,2365019
2011-10-04,37.46,37.52,36.34,36.87,2079804
2011-10-05,37.02,37.6,36.75,37.52,1737686
2011-10-06,37.81,37.83,36.59,36.92,1766621
2011-10-07,38.47,38.83,37.88,38.08,2037360
2011-10-10,39.24,39.25,38.72,39.0999,1386367
2011-10-11,38.94,39.14,38.74,39.0,1553551
2011-10-12,39.72,39.81,38.98,39.1,2249637
2011-10-13,39.7,39.93,39.265,39.48,1183990
2011-10-14,39.8,40.02,39.64,39.9,1124720
2011-10-17,39.22,39.82,39.03,39.71,1297442
2011-10-18,39.48,39.82,38.46,39.12,1422744
2011-10-19,39.22,39.75,39.15,39.38,1230529
2011-10-20,39.44,39.54,39.13,39.31,1073803
2011-10-21,40.08,40.12,39.84,39.92,2250473
2011-10-24,40.12,40.25,39.995,40.03,1740612
2011-10-25,39.34,40.24,39.31,39.98,1855826
2011-10-26,37.91,40.05,37.14,39.75,4602183
2011-10-27,37.3,38.66,36.59,38.66,4777347
2011-10-28,37.39,37.64,36.84,37.13,2746209
2011-10-31,37.45,38.17,36.975,36.99,2269942
2011-11-01,36.6,37.08,36.44,36.89,2004880
2011-11-02,37.09,37.57,36.75,37.03,1521524
2011-11-03,37.72,37.795,37.08,37.31,1436683
2011-11-04,37.13,37.49,37.03,37.44,1825380
2011-11-07,37.4,37.47,36.63,37.23,1917439
2011-11-08,37.08,37.45,36.75,37.39,1927423
2011-11-09,36.49,36.8,36.2,36.53,1806442
2011-11-10,37.4,37.42,36.57,36.89,2266641
2011-11-11,37.19,37.68,37.17,37.64,1680481
2011-11-14,36.53,37.39,36.455,37.17,1502587
2011-11-15,36.72,36.86,36.46,36.54,1177773
2011-11-16,36.07,36.75,36.0,36.49,1633292
2011-11-17,35.79,36.48,35.55,36.0,1644625
2011-11-18,36.72,37.02,36.05,36.18,2885972
2011-11-21,35.83,36.6,35.83,36.3,1601697
2011-11-22,35.68,35.85,35.48,35.74,1121011
2011-11-23,34.78,35.32,34.72,35.29,1472289
2011-11-24,34.78,34.78,34.78,34.78,0
2011-11-25,34.96,35.23,34.65,34.68,497347
2011-11-28,35.7,35.84,35.33,35.43,2283310
2011-11-29,35.57,36.05,35.48,35.87,2929096
2011-11-30,36.53,36.82,36.22,36.22,2183791
2011-12-01,36.64,37.06,36.54,36.61,1155413
2011-12-02,36.69,36.89,36.6,36.82,961800
2011-12-05,37.7,37.71,37.08,37.09,1865654
2011-12-06,37.56,37.9,37.44,37.81,1303053
2011-12-07,37.73,37.84,37.38,37.56,1201407
2011-12-08,37.92,38.13,37.6,37.6,1576585
2011-12-09,37.82,37.97,37.66,37.82,1252933
2011-12-12,37.78,37.79,37.26,37.79,1444046
2011-12-13,37.66,38.49,37.59,37.93,1892077
2011-12-14,37.78,37.93,37.49,37.71,1514724
2011-12-15,38.2,38.36,37.47,37.69,2092885
2011-12-16,38.81,39.025,38.25,38.36,3245282
2011-12-19,38.53,39.15,38.37,38.94,1788319
2011-12-20,39.24,39.525,38.79,38.79,1876888
2011-12-21,39.32,39.72,39.16,39.24,1751992
2011-12-22,39.28,39.52,39.09,39.36,1124200
2011-12-23,39.83,39.88,39.2,39.35,885633
2011-12-26,39.83,39.83,39.83,39.83,0
2011-12-27,39.88,40.06,39.77,39.85,1270598
2011-12-28,39.41,39.94,39.36,39.9,980553
2011-12-29,39.91,40.065,39.52,39.54,907077
2011-12-30,39.48,39.98,39.35,39.86,857561
2012-01-02,39.48,39.48,39.48,39.48,0
2012-01-03,38.34,39.98,37.81,39.87,3213034
2012-01-04,38.55,38.65,38.305,38.32,1517275
2012-01-05,38.79,38.87,38.3,38.53,2057680
2012-01-06,38.52,38.81,38.48,38.78,1126592
2012-01-09,38.52,38.74,38.5,38.61,715779
2012-01-10,38.62,38.8,38.48,38.7,1065681
2012-01-11,38.15,38.5165,38.06,38.42,1453739
2012-01-12,37.96,38.34,37.77,38.16,1618497
2012-01-13,37.82,37.95,36.51,37.18,2768961
2012-01-16,37.82,37.82,37.82,37.82,0
2012-01-17,37.63,38.39,37.56,38.18,1244865
2012-01-18,37.72,37.78,37.43,37.57,1397181
2012-01-19,37.33,37.73,37.23,37.59,1927974
2012-01-20,37.67,37.7,37.03,37.33,2385187
2012-01-23,38.09,38.33,37.62,37.62,1273713
2012-01-24,37.8,38.06,37.72,37.87,1495261
2012-01-25,38.76,38.86,37.615,37.66,1927982
2012-01-26,39.08,39.67,38.86,39.03,2485209
2012-01-27,38.71,39.0,38.7,38.9,1412903
2012-01-30,38.37,38.69,38.21,38.53,1526094
2012-01-31,38.82,38.84,38.4,38.56,1485880
2012-02-01,39.05,39.35,38.87,38.91,1383371
2012-02-02,39.08,39.29,38.89,38.9,1329972
2012-02-03,38.65,39.27,38.27,38.72,2725475
2012-02-06,38.33,38.75,38.22,38.44,1856971
2012-02-07,38.46,38.74,38.29,38.35,1735737
2012-02-08,38.18,38.74,38.095,38.41,1870165
2012-02-09,38.13,38.16,37.75,38.04,1794335
2012-02-10,38.51,38.52,37.73,37.79,1897890
2012-02-13,38.64,38.77,38.2702,38.59,1439853
2012-02-14,39.11,39.15,38.5,38.72,1717942
2012-02-15,39.9,41.77,39.5,40.6,4420577
2012-02-16,40.0,40.34,39.58,39.81,2675676
2012-02-17,39.55,40.18,39.36,40.13,2427632
2012-02-20,39.55,39.55,39.55,39.55,0
2012-02-21,39.21,39.55,39.07,39.45,1697070
2012-02-22,38.88,39.27,38.48,38.88,1617081
2012-02-23,38.87,38.98,38.67,38.85,1204899
2012-02-24,38.59,38.99,38.32,38.86,2076795
2012-02-27,38.41,38.84,38.21,38.29,1659492
2012-02-28,38.12,38.48,38.08,38.38,1807029
2012-02-29,38.05,38.29,37.88,38.1,1637154
2012-03-01,38.14,38.74,37.94,38.17,2437655
2012-03-02,37.8,38.18,37.57,38.18,1955173
2012-03-05,37.86,37.89,37.3601,37.8,2337751
2012-03-06,37.86,38.0,37.7,37.71,2318456
2012-03-07,37.68,37.95,37.44,37.86,1587803
2012-03-08,37.7,38.0,37.6,37.9,4386430
2012-03-09,38.09,38.15,37.62,37.79,4157478
2012-03-12,38.53,38.66,37.915,38.2,4494218
2012-03-13,38.93,39.0,38.6,38.76,1502831
2012-03-14,38.65,39.09,38.58,38.9422,2313005
2012-03-15,38.45,38.56,37.952,38.34,1730968
2012-03-16,38.55,38.58,38.1,38.48,2744045
2012-03-19,38.66,38.77,38.32,38.43,1210698
2012-03-20,38.38,38.5697,38.35,38.52,1437731
2012-03-21,38.6,38.65,38.35,38.39,1454844
2012-03-22,38.95,38.96,38.2,38.33,1842641
2012-03-23,38.77,39.05,38.55,39.02,1528016
2012-03-26,38.76,39.37,38.67,38.94,1938274
2012-03-27,38.57,38.88,38.55,38.73,1407530
2012-03-28,38.69,38.81,38.44,38.62,1816519
2012-03-29,39.75,39.75,38.52,38.59,2388185
2012-03-30,40.21,40.26,39.76,39.89,3485729
2012-04-02,40.62,40.625,40.13,40.23,2448828
2012-04-03,40.46,40.64,40.24,40.64,2090989
2012-04-04,40.3,40.43,40.17,40.35,1943215
2012-04-05,40.54,40.55,39.85,40.15,2216836
2012-04-06,40.54,40.54,40.54,40.54,0
2012-04-09,39.77,40.29,39.55,40.29,1854796
2012-04-10,39.28,39.79,39.28,39.77,2386856
2012-04-11,39.47,39.63,39.33,39.54,1391022
2012-04-12,39.14,39.41,38.76,39.4,1519711
2012-04-13,39.26,39.76,39.08,39.08,3625127
2012-04-16,39.36,39.54,39.07,39.26,1863237
2012-04-17,40.08,40.21,39.45,39.63,1695028
2012-04-18,40.39,40.44,39.9,40.0,1921476
2012-04-19,40.5,40.7,40.38,40.44,1743280
2012-04-20,40.59,40.7,40.51,40.56,1474743
2012-04-23,39.96,40.26,39.89,40.25,2129495
2012-04-24,40.32,40.59,39.98,40.0,2150540
2012-04-25,39.31,39.66,38.25,39.49,5330951
2012-04-26,39.71,39.98,39.47,39.78,2731135
2012-04-27,39.71,39.94,39.43,39.86,1715136
2012-04-30,40.58,41.03,39.64,39.64,4467066
2012-05-01,40.52,40.68,40.21,40.46,1377602
2012-05-02,41.32,42.05,40.33,40.5,3512472
2012-05-03,40.11,41.4,40.01,41.17,4329708
2012-05-04,39.92,40.39,39.92,40.1,1967295
2012-05-07,39.82,40.23,39.59,39.96,2877918
2012-05-08,40.59,40.77,39.65,39.73,3331439
2012-05-09,40.95,41.2,40.28,40.33,2531807
2012-05-10,41.18,41.35,40.76,41.06,1915366
2012-05-11,40.95,41.31,40.91,41.0,1353718
2012-05-14,40.81,40.84,40.35,40.67,1833912
2012-05-15,40.43,40.75,40.33,40.73,2119949
2012-05-16,41.09,41.34,40.245,40.48,2833968
2012-05-17,40.83,41.2,40.82,41.15,2164994
2012-05-18,40.25,40.94,40.13,40.94,2824335
2012-05-21,40.57,40.61,40.22,40.36,1938437
2012-05-22,40.91,41.22,40.5,40.7,2049578
2012-05-23,40.91,41.15,40.59,40.75,1716429
2012-05-24,40.76,41.31,40.57,41.14,2326501
2012-05-25,41.09,41.27,40.62,40.71,1696392
2012-05-28,41.09,41.09,41.09,41.09,0
2012-05-29,41.1,41.21,40.74,41.21,1828803
2012-05-30,41.09,41.23,40.8,40.97,2172276
2012-05-31,41.26,41.57,41.11,41.57,2575092
2012-06-01,40.63,41.03,40.5,40.81,2123975
2012-06-04,40.83,41.1,40.57,40.74,1557254
2012-06-05,40.84,40.94,40.5,40.62,1018007
2012-06-06,41.39,41.49,40.86,40.91,1669941
2012-06-07,41.86,42.14,41.43,41.61,1916525
2012-06-08,42.64,42.68,41.79,41.88,2159860
2012-06-11,42.45,42.95,42.39,42.79,2251558
2012-06-12,43.65,43.76,42.81,42.99,4569943
2012-06-13,43.22,43.5,42.7,43.43,4131096
2012-06-14,42.87,43.1301,41.87,42.88,3511073
2012-06-15,42.69,43.07,42.65,43.0,2907179
2012-06-18,42.9,43.04,42.67,42.82,1237068
2012-06-19,42.82,43.3,42.74,42.94,1438549
2012-06-20,42.66,42.87,42.37,42.76,1071373
2012-06-21,42.22,43.09,42.21,42.71,1716458
2012-06-22,42.9,43.26,42.36,42.43,2597492
2012-06-25,42.66,42.9,42.54,42.6,1320968
2012-06-26,42.52,42.78,42.165,42.7,1408822
2012-06-27,42.79,43.03,42.58,42.64,1211275
2012-06-28,43.47,43.49,42.24,42.61,2103080
2012-06-29,43.75,43.88,43.47,43.57,1977713
2012-07-02,43.54,43.85,43.4,43.61,1257948
2012-07-03,43.9,43.95,43.47,43.52,630586
2012-07-04,43.9,43.9,43.9,43.9,0
2012-07-05,43.92,44.0,43.68,43.8,1309783
2012-07-06,43.31,43.81,43.25,43.58,1065368
2012-07-09,43.23,43.65,43.1,43.37,1087936
2012-07-10,43.84,43.99,43.39,43.45,1311492
2012-07-11,43.63,43.89,43.36,43.86,937137
2012-07-12,43.7,43.82,43.24,43.5,1286386
2012-07-13,44.09,44.19,43.71,43.86,995582
2012-07-16,43.39,44.25,43.36,44.0,1329522
2012-07-17,43.64,43.83,43.23,43.58,2453976
2012-07-18,44.09,44.17,43.57,43.62,1168274
2012-07-19,43.95,44.4,43.87,44.07,1117591
2012-07-20,43.78,43.92,43.47,43.81,1122323
2012-07-23,43.5,43.59,43.02,43.39,831960
2012-07-24,43.34,43.65,42.91,43.45,1287670
2012-07-25,43.77,44.03,43.17,43.35,2121915
2012-07-26,44.66,44.85,42.34,44.43,3044137
2012-07-27,45.59,45.72,44.71,44.95,2282181
2012-07-30,45.58,45.84,45.3,45.46,1046049
2012-07-31,45.58,45.78,45.27,45.56,1453377
2012-08-01,45.45,45.45,45.45,45.45,44764
2012-08-02,45.1,45.655,44.86,45.33,862873
2012-08-03,45.6,45.75,45.45,45.56,925871
2012-08-06,45.37,45.85,45.37,45.7,979058
2012-08-07,45.23,45.59,44.86,45.36,1734251
2012-08-08,45.48,45.61,45.07,45.22,1354039
2012-08-09,45.01,45.47,44.93,45.29,868602
2012-08-10,45.03,45.14,44.6,44.9,861944
2012-08-13,44.69,45.16,44.69,44.91,917180
2012-08-14,44.97,45.06,44.82,44.85,978687
2012-08-15,45.04,45.23,44.88,45.01,759582
2012-08-16,44.91,45.13,44.79,44.9,1290944
2012-08-17,45.16,45.17,44.87,44.97,1443739
2012-08-20,45.43,45.43,44.89,45.05,701464
2012-08-21,45.32,45.54,45.17,45.45,1210003
2012-08-22,45.33,45.42,45.07,45.19,717721
2012-08-23,44.67,45.23,44.59,45.21,1547272
2012-08-24,45.19,45.25,44.57,44.57,1074164
2012-08-27,45.34,45.52,45.06,45.27,541635
2012-08-28,44.99,45.3,44.99,45.25,647708
2012-08-29,45.06,45.09,44.88,45.0,706709
2012-08-30,44.6,44.87,44.46,44.81,818860
2012-08-31,44.81,44.89,44.48,44.83,784755
2012-09-03,44.81,44.81,44.81,44.81,0
2012-09-04,44.93,44.94,44.65,44.77,825651
2012-09-05,44.79,44.96,44.6,44.88,1091568
2012-09-06,45.44,45.52,44.9,45.0,1444610
2012-09-07,44.94,45.52,44.8,45.44,936733
2012-09-10,44.57,44.92,44.5,44.82,1245146
2012-09-11,44.83,44.875,44.53,44.69,1736674
2012-09-12,44.84,44.98,44.69,44.88,1468521
2012-09-13,45.4,45.51,44.55,44.67,1290045
2012-09-14,44.08,45.47,43.97,45.47,2364109
2012-09-17,44.03,44.32,43.56,43.99,3894724
2012-09-18,44.37,44.45,43.925,44.08,1241834
2012-09-19,44.69,44.88,44.4,44.49,1300281
2012-09-20,44.46,44.86,44.24,44.64,1742772
2012-09-21,43.77,44.64,43.72,44.61,1818560
2012-09-24,43.87,43.995,43.43,43.46,1294342
2012-09-25,43.69,44.1,43.61,44.0,1333011
2012-09-26,43.96,44.12,43.71,43.71,1359104
2012-09-27,44.4,44.44,43.62,43.98,1162214
2012-09-28,44.53,44.62,44.16,44.32,2585129
2012-10-01,44.63,44.89,44.25,44.46,1999246
2012-10-02,44.65,44.8,44.41,44.8,1605186
2012-10-03,44.3,44.72,44.18,44.7,1507552
2012-10-04,43.75,44.42,43.651,44.36,1714314
2012-10-05,44.02,44.32,43.77,43.77,3027345
2012-10-08,44.05,44.23,43.78,44.03,857259
2012-10-09,43.91,44.3,43.8,44.06,1562870
2012-10-10,43.23,43.99,42.99,43.8,2044039
2012-10-11,43.41,43.67,43.29,43.32,1013862
2012-10-12,43.46,43.69,43.41,43.52,1176429
2012-10-15,43.66,43.82,43.19,43.5,678745
2012-10-16,44.58,44.64,43.71,43.71,1203063
2012-10-17,44.69,44.965,44.36,44.38,1253946
2012-10-18,45.27,45.3,44.62,44.63,1093498
2012-10-19,44.46,45.25,44.415,45.14,1121698
2012-10-22,44.33,44.36,43.86,44.28,1555864
2012-10-23,44.05,44.16,43.69,43.98,1886181
2012-10-24,42.61,43.58,42.46,43.58,3856071
2012-10-25,42.92,43.0,42.545,42.91,1531761
2012-10-26,42.76,42.82,42.62,42.78,1309288
2012-10-29,42.76,42.76,42.76,42.76,0
2012-10-30,42.76,42.76,42.76,42.76,0
2012-10-31,42.85,43.14,42.5,42.72,1297760
2012-11-01,43.28,43.42,42.79,42.88,1373532
2012-11-02,42.94,43.62,42.91,43.5,1310357
2012-11-05,43.29,43.5,42.73,42.9,1015846
2012-11-06,43.72,43.77,43.11,43.42,892091
2012-11-07,43.54,43.78,43.05,43.53,1091097
2012-11-08,43.24,43.62,43.0,43.4,1627724
2012-11-09,43.51,43.69,43.0,43.09,955902
2012-11-12,43.96,44.56,43.27,43.39,2070844
2012-11-13,43.45,44.15,43.44,43.83,2794640
2012-11-14,43.01,43.77,42.945,43.48,1673143
2012-11-15,42.6,43.32,42.53,42.95,2350404
2012-11-16,42.85,43.05,42.25,42.59,2482839
2012-11-19,43.45,43.49,43.07,43.22,1115482
2012-11-20,43.87,43.89,43.26,43.39,1540020
2012-11-21,44.03,44.08,43.65,43.93,682657
2012-11-22,44.03,44.03,44.03,44.03,0
2012-11-23,44.81,44.81,43.81,44.07,333769
2012-11-26,44.24,44.9,44.2,44.54,1150971
2012-11-27,44.23,44.59,44.08,44.27,999154
2012-11-28,44.66,44.68,44.0,44.03,973731
2012-11-29,44.85,44.88,44.42,44.69,1170275
2012-11-30,44.85,44.958,44.55,44.85,1610460
2012-12-03,44.84,45.19,44.74,45.01,1121619
2012-12-04,45.01,45.14,44.8,44.82,1339835
2012-12-05,45.45,45.62,45.0,45.14,1000318
2012-12-06,45.5,45.72,45.36,45.44,1083986
2012-12-07,45.51,45.695,45.215,45.63,1696111
2012-12-10,45.91,46.06,45.44,45.45,1086338
2012-12-11,45.54,45.99,45.47,45.94,2120823
2012-12-12,45.18,45.71,45.0,45.71,1759971
2012-12-13,44.43,45.06,44.23,45.06,1234805
2012-12-14,44.63,44.77,44.29,44.31,952778
2012-12-17,44.59,44.88,44.39,44.73,1114187
2012-12-18,44.69,44.81,44.28,44.54,1080480
2012-12-19,44.48,44.85,44.47,44.76,931027
2012-12-20,44.82,44.91,44.52,44.52,863696
2012-12-21,44.68,44.95,44.42,44.58,1659070
2012-12-24,44.7,44.74,44.5,44.56,247154
2012-12-25,44.7,44.7,44.7,44.7,0
2012-12-26,44.28,44.74,44.27,44.69,541717
2012-12-27,44.21,44.51,43.93,44.26,551736
2012-12-28,43.88,44.24,43.85,44.03,446319
2012-12-31,44.18,44.19,43.58,43.8,611678
2013-01-01,44.18,44.18,44.18,44.18,0
2013-01-02,45.6,45.63,44.68,44.8,1285911
2013-01-03,45.42,45.63,45.29,45.56,983426
2013-01-04,45.68,45.9799,45.43,45.45,735759
2013-01-07,45.24,45.5995,45.21,45.48,658563
2013-01-08,45.38,45.4,45.04,45.15,559502
2013-01-09,45.7,45.81,45.48,45.48,576892
2013-01-10,45.76,45.99,45.65,45.9,808788
2013-01-11,45.08,45.39,44.79,45.24,1381144
2013-01-14,45.19,45.26,44.95,44.95,979605
2013-01-15,45.28,45.39,44.985,45.09,896977
2013-01-16,44.94,45.27,44.91,45.2,1043727
2013-01-17,45.07,45.23,44.87,45.1,1344251
2013-01-18,45.3,45.41,44.89,44.9,1182853
2013-01-21,45.3,45.3,45.3,45.3,0
2013-01-22,45.2,45.4,44.8801,45.24,1396282
2013-01-23,44.28,45.13,44.12,45.03,3194732
2013-01-24,44.54,44.74,44.34,44.42,1011184
2013-01-25,44.56,44.69,44.34,44.69,979091
2013-01-28,44.65,44.835,44.53,44.64,925593
2013-01-29,45.01,45.17,44.57,44.6,1172219
2013-01-30,45.3,45.41,44.92,44.99,1171153
2013-01-31,45.07,45.39,45.0,45.25,990084
2013-02-01,45.24,45.45,45.1,45.36,1085624
2013-02-04,45.42,45.74,45.1,45.15,1509484
2013-02-05,45.9,46.16,45.65,45.68,926756
2013-02-06,46.04,46.37,45.73,45.77,1051578
2013-02-07,45.98,46.26,45.855,46.04,580356
2013-02-08,45.73,46.1,45.58,45.96,950112
2013-02-11,45.42,45.825,45.385,45.72,1099231
2013-02-12,45.32,45.57,45.16,45.3,1696267
2013-02-13,42.69,43.32,42.1,42.83,7705673
2013-02-14,42.8,43.04,42.6105,42.71,4137222
2013-02-15,42.91,43.12,42.55,42.76,4157723
2013-02-18,42.91,42.91,42.91,42.91,0
2013-02-19,43.0,43.1,42.8,42.83,2958472
2013-02-20,42.47,43.19,42.44,43.06,2806429
2013-02-21,42.57,42.71,42.27,42.58,2204846
2013-02-22,42.9,42.99,42.56,42.67,1796088
2013-02-25,42.72,43.36,42.72,43.01,2530881
2013-02-26,42.79,43.03,42.61,42.94,1666348
2013-02-27,43.2,43.265,42.712,42.83,1631182
2013-02-28,43.62,43.74,43.13,43.26,2217061
2013-03-01,43.78,43.91,43.29,43.62,2112053
2013-03-04,43.82,43.85,43.39,43.71,1371159
2013-03-05,44.28,44.34,43.83,43.93,1426303
2013-03-06,44.18,44.33,43.94,44.29,1805825
2013-03-07,43.85,44.38,43.65,44.11,1527713
2013-03-08,44.0,44.25,43.86,43.93,3859911
2013-03-11,44.14,44.15,43.6,43.98,5795064
2013-03-12,44.39,44.42,43.98,44.16,5043848
2013-03-13,43.72,44.18,43.49,43.93,1164145
2013-03-14,43.78,43.91,43.56,43.81,1011617
2013-03-15,44.07,44.13,43.53,43.58,2142870
2013-03-18,44.35,44.43,43.81,43.89,1307309
2013-03-19,44.98,45.1,44.42,44.47,1640147
2013-03-20,45.78,45.91,44.83,45.04,3084331
2013-03-21,45.6,46.0,45.5601,45.74,1104629
2013-03-22,46.42,46.445,45.82,45.9,1455377
2013-03-25,46.36,46.6,46.05,46.46,1147018
2013-03-26,46.7,46.951,46.44,46.5,920560
2013-03-27,46.67,46.67,46.24,46.46,966336
2013-03-28,46.95,47.03,46.6,46.77,1130247
2013-03-29,46.95,46.95,46.95,46.95,0
2013-04-01,46.67,47.0,46.59,46.9,903462
2013-04-02,46.64,46.84,46.51,46.81,1281891
2013-04-03,46.29,46.83,45.94,46.8,1417925
2013-04-04,46.5,46.61,46.065,46.37,995403
2013-04-05,46.12,46.22,45.74,46.13,1004173
2013-04-08,46.68,46.73,45.89,46.1,999736
2013-04-09,46.35,46.82,46.215,46.75,946934
2013-04-10,46.98,47.52,46.4,46.51,1777648
2013-04-11,47.61,47.74,47.0425,47.08,1852019
2013-04-12,47.64,47.77,47.14,47.14,1317399
2013-04-15,46.73,47.66,46.73,47.39,1221904
2013-04-16,47.52,47.64,46.97,47.18,1549638
2013-04-17,46.93,47.49,46.76,47.39,1467472
2013-04-18,47.11,47.54,47.03,47.03,1696775
2013-04-19,48.07,48.2625,47.3,47.3,1679746
2013-04-22,47.88,48.12,47.69,48.02,1509642
2013-04-23,47.78,48.12,47.4,47.53,1852347
2013-04-24,48.19,50.29,48.06,48.71,3140073
2013-04-25,48.12,48.44,47.88,48.28,1959925
2013-04-26,48.08,48.19,47.84,48.1,1282033
2013-04-29,48.13,48.32,47.97,48.16,875093
2013-04-30,48.83,48.86,47.802,48.01,1726962
2013-05-01,48.06,48.87,47.88,48.66,1112797
2013-05-02,48.68,48.68,48.09,48.09,1336836
2013-05-03,49.2,49.26,48.65,48.95,1244550
2013-05-06,49.32,49.4,48.93,49.2,1647030
2013-05-07,49.49,49.5,49.07,49.3,1124185
2013-05-08,49.4,49.49,49.05,49.42,802484
2013-05-09,48.62,49.44,48.5,49.24,1265884
2013-05-10,49.0,49.02,48.54,48.72,929392
2013-05-13,48.92,49.13,48.7,48.86,888104
2013-05-14,49.3,49.33,48.84,48.92,1144118
2013-05-15,50.36,50.37,49.12,49.31,1410745
2013-05-16,49.59,50.19,49.28,50.19,1979499
2013-05-17,49.25,49.76,48.82,49.65,1283470
2013-05-20,48.77,49.28,48.69,49.25,972468
2013-05-21,48.28,48.97,48.14,48.85,1793665
2013-05-22,48.26,49.06,47.9,48.22,1501747
2013-05-23,47.63,48.0,47.52,47.95,1618356
2013-05-24,48.09,48.18,47.4,47.52,1021315
2013-05-27,48.09,48.09,48.09,48.09,0
2013-05-28,48.58,49.0,48.31,48.54,1311010
2013-05-29,47.46,48.39,47.4,48.37,1126549
2013-05-30,46.96,47.74,46.92,47.6,992268
2013-05-31,45.98,46.87,45.97,46.75,1538595
2013-06-03,47.02,47.02,45.38,46.11,1902303
2013-06-04,46.91,47.4,46.27,47.05,1716229
2013-06-05,46.49,46.815,46.33,46.76,1087353
2013-06-06,46.08,46.5,45.56,46.49,1252741
2013-06-07,46.33,46.71,46.14,46.43,1022095
2013-06-10,47.05,47.05,46.13,46.52,1521002
2013-06-11,46.66,46.93,46.32,46.66,1318166
2013-06-12,47.0,47.12,46.57,46.91,1658174
2013-06-13,46.81,46.915,46.14,46.78,1239291
2013-06-14,46.93,47.41,46.736,46.9,1037754
2013-06-17,47.1,47.3,46.86,47.15,845886
2013-06-18,47.43,47.45,46.925,47.11,625074
2013-06-19,46.6,47.6488,46.6,47.29,837873
2013-06-20,45.38,46.62,45.36,46.34,1485104
2013-06-21,45.54,45.73,45.08,45.57,2280156
2013-06-24,45.19,45.56,44.92,45.13,1359873
2013-06-25,44.98,45.46,44.7,45.44,1682428
2013-06-26,45.64,45.9,45.23,45.34,823586
2013-06-27,46.0,46.3799,45.73,45.9,1040009
2013-06-28,45.93,46.23,45.93,46.0,1913792
2013-07-01,46.41,46.61,45.99,46.21,1156396
2013-07-02,46.6,46.72,46.25,46.39,1013854
2013-07-03,46.58,46.58,45.95,46.36,787965
2013-07-04,46.58,46.58,46.58,46.58,0
2013-07-05,46.37,46.82,45.89,46.74,880746
2013-07-08,46.39,46.715,46.13,46.51,735584
2013-07-09,46.6,46.94,46.38,46.69,887535
2013-07-10,46.96,47.03,46.4,46.58,1045776
2013-07-11,47.57,47.73,47.36,47.44,918478
2013-07-12,47.46,47.79,47.23,47.64,830683
2013-07-15,47.5,47.73,47.33,47.39,533242
2013-07-16,47.31,47.48,46.98,47.0,649377
2013-07-17,47.7,47.73,47.45,47.56,616391
2013-07-18,47.91,47.98,47.62,47.77,602524
2013-07-19,48.29,48.31,47.77,47.95,1118860
2013-07-22,47.82,48.19,47.58,48.03,999206
2013-07-23,47.68,47.95,47.53,47.92,1062809
2013-07-24,46.32,47.64,46.04,47.64,2311245
2013-07-25,46.11,46.386,45.85,46.33,1541126
2013-07-26,46.64,46.65,45.8,46.0,1062393
2013-07-29,46.8,47.01,46.43,46.58,978408
2013-07-30,46.45,47.17,46.41,46.88,1001986
2013-07-31,46.74,47.025,46.33,46.62,1443124
2013-08-01,47.26,47.47,47.0,47.05,1443181
2013-08-02,47.41,47.61,47.02,47.27,1139521
2013-08-05,47.47,47.65,47.11,47.4,610942
2013-08-06,47.15,47.4399,46.99,47.29,1183357
2013-08-07,47.22,47.32,46.91,47.08,595751
2013-08-08,47.04,47.35,46.97,47.25,921231
2013-08-09,46.85,47.09,46.66,46.96,818276
2013-08-12,46.62,46.77,46.45,46.65,774183
2013-08-13,46.46,46.8,46.33,46.69,649709
2013-08-14,45.86,46.68,45.81,46.47,1022168
2013-08-15,45.28,45.94,45.13,45.78,1124788
2013-08-16,44.83,45.24,44.72,45.17,1264745
2013-08-19,45.2,45.25,44.53,44.71,1096746
2013-08-20,45.58,45.74,45.14,45.27,1385919
2013-08-21,45.16,45.51,45.101,45.48,1173442
2013-08-22,45.24,45.4,44.93,45.21,583476
2013-08-23,45.62,45.71,45.3,45.34,910972
2013-08-26,45.32,45.69,45.18,45.69,872367
2013-08-27,45.36,45.61,44.89,45.01,1133192
2013-08-28,44.9,45.54,44.67,45.2,1818660
2013-08-29,44.59,44.8,44.48,44.72,1570068
2013-08-30,44.76,44.76,44.515,44.62,1520253
2013-09-02,44.76,44.76,44.76,44.76,0
2013-09-03,44.6,45.14,44.533,45.01,1833325
2013-09-04,45.25,45.25,44.27,44.58,1323897
2013-09-05,44.61,45.2556,44.49,45.22,1039749
2013-09-06,44.47,44.88,44.17,44.69,2002241
2013-09-09,44.58,44.65,44.2,44.57,1410323
2013-09-10,44.54,44.9,44.46,44.74,1212309
2013-09-11,44.31,44.6,44.16,44.54,1839518
2013-09-12,44.56,44.56,43.9,44.03,1742076
2013-09-13,44.91,45.04,44.55,44.7,966962
2013-09-16,45.13,45.5,45.0608,45.24,1177237
2013-09-17,45.52,45.61,45.13,45.15,889278
2013-09-18,46.09,46.11,45.32,45.62,1130433
2013-09-19,45.79,45.94,45.17,45.53,2026441
2013-09-20,45.59,45.94,45.56,45.92,1690997
2013-09-23,45.29,45.5,45.08,45.41,916754
2013-09-24,45.27,45.78,45.23,45.34,1337719
2013-09-25,44.95,45.46,44.77,45.28,1195853
2013-09-26,45.07,45.2,44.84,45.06,1113199
2013-09-27,44.98,45.05,44.57,44.96,1138903
2013-09-30,44.82,44.9,44.45,44.71,1217608
2013-10-01,44.48,44.9,44.28,44.78,1659026
2013-10-02,44.0,44.33,43.71,44.33,2008592
2013-10-03,43.41,44.09,43.36,44.0,2088438
2013-10-04,43.47,43.54,43.29,43.34,1695344
2013-10-07,43.38,43.61,43.29,43.31,1276051
2013-10-08,43.47,43.65,43.18,43.32,1729161
2013-10-09,43.63,43.81,43.36,43.5,2244399
2013-10-10,44.05,44.11,43.84,43.98,1369067
2013-10-11,43.92,43.96,43.45,43.67,1355529
2013-10-14,44.17,44.185,43.55,43.79,1045889
2013-10-15,43.78,44.25,43.71,44.15,1189576
2013-10-16,45.04,45.05,44.08,44.12,1778029
2013-10-17,45.03,45.165,44.731,44.89,1332758
2013-10-18,45.01,45.06,44.89,45.02,1575852
2013-10-21,44.98,45.01,44.55,44.99,1157568
2013-10-22,45.37,45.7075,45.01,45.01,1458954
2013-10-23,46.49,46.82,45.24,45.44,2686767
2013-10-24,46.49,46.99,46.42,46.74,1788119
2013-10-25,46.67,47.14,46.46,46.46,1722520
2013-10-28,47.51,47.825,46.72,46.72,1880218
2013-10-29,47.71,47.867,47.44,47.68,1869621
2013-10-30,47.47,47.67,47.3501,47.67,1774441
2013-10-31,47.35,47.54,47.24,47.45,1434716
2013-11-01,47.43,47.55,47.15,47.45,979236
2013-11-04,47.18,47.54,46.98,47.34,848326
2013-11-05,47.28,47.458,46.98,47.08,870771
2013-11-06,47.76,47.93,47.18,47.29,1135818
2013-11-07,47.33,47.94,47.3,47.86,964297
2013-11-08,47.91,47.93,47.0,47.36,1055190
2013-11-11,47.91,47.985,47.69,47.83,915751
2013-11-12,47.94,47.99,47.47,47.76,1095393
2013-11-13,48.14,48.195,47.47,47.78,805994
2013-11-14,48.75,48.92,48.13,48.23,836489
2013-11-15,48.56,48.87,48.22,48.74,891097
2013-11-18,48.66,48.85,48.2,48.66,1176142
2013-11-19,48.45,48.73,48.41,48.52,1127376
2013-11-20,48.41,49.01,48.36,48.54,803500
2013-11-21,49.17,49.22,48.55,48.58,787352
2013-11-22,48.94,49.23,48.87,49.14,890368
2013-11-25,48.49,49.11,48.42,49.1,1063416
2013-11-26,48.19,48.6,47.98,48.5,927890
2013-11-27,48.47,48.57,48.08,48.23,492936
2013-11-28,48.47,48.47,48.47,48.47,0
2013-11-29,48.26,48.79,48.22,48.46,559487
2013-12-02,47.74,48.47,47.315,48.47,1420709
2013-12-03,48.11,48.13,47.44,47.73,1856495
2013-12-04,48.63,48.67,47.79,47.95,813641
2013-12-05,48.21,48.56,48.155,48.5,1306289
2013-12-06,49.0,49.02,48.52,48.52,705835
2013-12-09,48.74,48.99,48.54,48.98,939739
2013-12-10,48.39,48.72,48.2,48.6,879238
2013-12-11,48.31,48.82,48.31,48.54,1305927
2013-12-12,47.3,48.0,47.17,47.93,1656677
2013-12-13,47.58,47.95,47.55,47.7,986184
2013-12-16,47.75,47.95,47.64,47.64,1460592
2013-12-17,47.35,47.72,47.055,47.66,1045040
2013-12-18,48.22,48.22,47.16,47.37,1291991
2013-12-19,47.8,48.26,47.57,48.19,938980
2013-12-20,48.42,48.45,47.89,47.89,1509114
2013-12-23,48.19,48.61,48.04,48.57,521082
2013-12-24,48.5,48.6,48.17,48.17,285892
2013-12-25,48.5,48.5,48.5,48.5,0
2013-12-26,48.59,48.65,48.332,48.49,308079
2013-12-27,48.8,48.91,48.54,48.77,380381
2013-12-30,48.84,49.145,48.79,48.79,574532
2013-12-31,48.72,48.99,48.48,48.88,595917
2014-01-01,48.72,48.72,48.72,48.72,0
2014-01-02,47.67,48.93,47.48,48.86,1182288
2014-01-03,47.6,48.05,47.355,47.89,992912
2014-01-06,47.72,47.93,47.45,47.79,932903
2014-01-07,48.1,48.36,47.705,47.83,1261671
2014-01-08,47.72,48.16,47.28,48.01,2340004
2014-01-09,47.97,48.1,47.66,47.76,929569
2014-01-10,48.43,48.44,47.99,47.99,673947
2014-01-13,47.43,48.29,47.35,48.24,1207089
2014-01-14,48.04,48.25,47.5,47.64,1220919
2014-01-15,48.07,48.23,47.69,48.2,755887
2014-01-16,48.35,48.59,47.97,47.99,876405
2014-01-17,48.49,48.56,48.13,48.48,1179611
2014-01-20,48.49,48.49,48.49,48.49,0
2014-01-21,49.65,49.66,48.77,48.77,2101444
2014-01-22,49.44,49.86,49.26,49.67,1692979
2014-01-23,49.09,49.51,48.77,49.2,3263121
2014-01-24,48.47,49.17,48.47,48.92,1047042
2014-01-27,49.05,49.33,48.42,48.51,1300238
2014-01-28,48.98,49.08,48.6,49.0,1355132
2014-01-29,47.9,48.725,47.8,48.65,1636488
2014-01-30,48.29,48.43,48.01,48.07,1312187
2014-01-31,47.88,48.31,47.65,47.91,1907337
2014-02-03,47.22,47.88,46.88,47.88,2565333
2014-02-04,47.31,47.59,47.11,47.34,1312574
2014-02-05,47.57,47.74,47.0,47.13,1203525
2014-02-06,47.86,48.14,47.53,47.83,1119132
2014-02-07,48.89,48.98,48.125,48.24,1724511
2014-02-10,48.7,49.03,48.53,48.99,1795846
2014-02-11,48.9,48.99,48.5,48.59,2629531
2014-02-12,49.99,51.03,49.31,49.46,4876479
2014-02-13,50.07,50.24,49.845,49.95,3236258
2014-02-14,50.3,50.58,50.01,50.09,3262190
2014-02-17,50.3,50.3,50.3,50.3,0
2014-02-18,50.62,50.64,49.91,50.3,2856513
2014-02-19,50.96,51.12,50.38,50.66,2600533
2014-02-20,51.47,51.66,50.94,51.15,2128212
2014-02-21,51.74,51.91,51.31,51.55,2284379
2014-02-24,51.75,52.18,51.74,51.89,2407444
2014-02-25,52.48,52.49,51.93,52.05,3394885
2014-02-26,51.59,52.66,51.45,52.66,3016350
2014-02-27,51.65,51.79,51.26,51.55,2295866
2014-02-28,52.11,52.51,51.74,51.77,2855372
2014-03-03,51.68,51.89,51.13,51.84,3492484
2014-03-04,51.95,52.07,51.63,52.07,2484278
2014-03-05,52.08,52.24,51.83,51.93,1767151
2014-03-06,52.0,52.29,51.93,52.15,2449863
2014-03-07,52.29,52.3,51.98,52.27,2646995
2014-03-10,52.48,52.59,52.32,52.35,1789686
2014-03-11,52.99,53.03,52.405,52.53,1920094
2014-03-12,52.99,53.1,52.68,52.73,1432294
2014-03-13,51.86,52.65,51.835,52.61,2523171
2014-03-14,52.38,52.7,51.79,51.79,1861941
2014-03-17,52.72,52.82,52.41,52.52,1244265
2014-03-18,52.77,52.89,52.49,52.66,1327957
2014-03-19,52.31,52.89,52.09,52.71,1425906
2014-03-20,52.54,52.54,51.93,52.17,1396474
2014-03-21,52.77,53.025,52.57,52.92,2369384
2014-03-24,52.4,53.05,52.36,52.85,2096435
2014-03-25,52.76,52.79,52.405,52.6,1256713
2014-03-26,53.39,53.72,52.96,52.97,2120814
2014-03-27,53.72,54.07,53.43,53.66,2012693
2014-03-28,53.95,54.15,53.655,53.78,1296984
2014-03-31,54.46,54.59,54.01,54.22,1461817
2014-04-01,53.76,54.55,53.6,54.39,2865778
2014-04-02,53.73,54.03,53.71,53.78,1609796
2014-04-03,53.77,54.26,53.48,53.86,1860771
2014-04-04,53.71,54.61,53.61,53.97,1673727
2014-04-07,53.68,54.06,53.67,53.73,1580682
2014-04-08,51.62,53.17,51.48,53.17,5419802
2014-04-09,52.58,52.62,51.49,51.62,3047489
2014-04-10,52.07,52.988,52.01,52.72,2318563
2014-04-11,51.19,52.28,51.17,52.08,3138288
2014-04-14,51.19,51.63,50.98,51.39,1531668
2014-04-15,51.68,51.71,51.18,51.24,2264012
2014-04-16,52.4,52.42,51.77,52.22,1509490
2014-04-17,52.54,52.8,52.25,52.48,1124344
2014-04-18,52.54,52.54,52.54,52.54,0
2014-04-21,52.55,52.83,52.4101,52.44,825544
2014-04-22,52.39,52.66,52.23,52.45,993230
2014-04-23,54.48,55.34,53.83,54.8,4122696
2014-04-24,53.82,54.76,53.75,54.48,2756849
2014-04-25,53.58,53.755,53.14,53.63,1271303
2014-04-28,55.4,55.59,53.86,54.0,2784596
2014-04-29,55.09,55.5,54.8,55.4,1497388
2014-04-30,55.42,55.47,54.82,55.0,1405646
2014-05-01,55.59,55.685,55.07,55.5,1609487
2014-05-02,55.97,56.1,55.4,55.48,1358966
2014-05-05,55.86,56.24,55.65,55.72,1327729
2014-05-06,56.15,56.28,55.57,55.72,1576498
2014-05-07,56.68,56.7,56.0,56.42,1385799
2014-05-08,56.56,56.97,56.41,56.61,1069450
2014-05-09,56.91,56.91,56.32,56.59,952358
2014-05-12,57.15,57.34,56.84,57.03,901083
2014-05-13,57.23,57.4,56.98,57.14,1048122
2014-05-14,57.24,57.411,56.98,57.18,1114023
2014-05-15,56.83,57.11,56.67,56.98,849963
2014-05-16,57.21,57.25,56.69,56.75,978121
2014-05-19,57.22,57.255,56.78,57.09,1009895
2014-05-20,57.1,57.62,56.85,57.2,1044638
2014-05-21,57.27,57.39,56.92,57.06,939754
2014-05-22,57.2,57.29,56.915,57.23,898096
2014-05-23,56.99,57.31,56.88,57.2,813516
2014-05-26,56.99,56.99,56.99,56.99,0
2014-05-27,56.79,57.07,56.675,56.94,1373564
2014-05-28,56.84,57.26,56.66,56.9,1642798
2014-05-29,57.85,57.88,57.14,57.18,824259
2014-05-30,57.7,58.16,57.54,57.63,1517097
2014-06-02,57.56,57.83,57.25,57.76,1531850
2014-06-03,56.86,57.53,56.82,57.48,1997475
2014-06-04,58.06,58.08,56.87,56.93,2201886
2014-06-05,58.49,58.59,57.62,57.91,1789594
2014-06-06,58.52,58.65,58.21,58.47,1031263
2014-06-09,58.56,58.655,58.315,58.38,1236139
2014-06-10,58.42,58.58,57.94,58.15,1473191
2014-06-11,58.22,58.72,58.16,58.16,1117638
2014-06-12,57.85,58.05,57.44,57.93,1403326
2014-06-13,57.78,57.94,57.63,57.8,830373
2014-06-16,58.7,58.91,57.66,57.74,1445998
2014-06-17,58.32,58.99,58.0,58.67,1662340
2014-06-18,60.22,60.27,58.25,58.29,2185792
2014-06-19,60.17,60.23,59.5,59.65,2061388
2014-06-20,60.03,60.5,59.86,59.92,1924560
2014-06-23,59.32,59.94,58.98,59.9,1568362
2014-06-24,58.56,58.77,58.45,58.52,2128475
2014-06-25,58.51,58.77,58.33,58.41,1310518
2014-06-26,58.6,58.92,58.33,58.47,1260692
2014-06-27,58.25,58.7,57.89,58.46,2340222
2014-06-30,58.58,58.91,58.16,58.42,1321070
2014-07-01,58.99,59.44,58.62,58.75,1723292
2014-07-02,58.98,59.23,58.8,58.97,1071603
2014-07-03,59.07,59.23,58.895,58.99,827593
2014-07-04,59.07,59.07,59.07,59.07,0
2014-07-07,58.84,59.27,58.8,59.01,1531678
2014-07-08,58.41,58.87,58.3,58.8,1710041
2014-07-09,58.55,58.865,58.5,58.63,1338390
2014-07-10,58.93,59.065,58.07,58.12,1146185
2014-07-11,59.03,59.15,58.735,58.98,1316601
2014-07-14,59.28,59.65,59.21,59.29,872216
2014-07-15,59.38,59.5,59.1475,59.32,2810561
2014-07-16,59.34,59.59,59.04,59.45,1748795
2014-07-17,58.9,59.58,58.87,59.09,1169959
2014-07-18,59.45,59.4625,58.94,59.15,962703
2014-07-21,58.86,59.25,58.52,59.22,989164
2014-07-22,58.67,59.0,58.56,58.84,1543778
2014-07-23,58.44,59.0,58.35,58.96,2110408
2014-07-24,60.98,61.52,59.29,59.29,3696895
2014-07-25,61.56,61.67,60.8,60.98,1702614
2014-07-28,61.76,61.92,61.3,61.7,1489990
2014-07-29,60.7,61.84,60.7,61.66,2015072
2014-07-30,59.69,61.1399,59.5,61.05,1955980
2014-07-31,58.76,59.44,58.65,59.44,1554493
2014-08-01,58.7,59.66,58.64,58.78,1647616
2014-08-04,59.06,59.1,58.58,58.91,1394124
2014-08-05,59.03,59.4,58.87,59.21,1297091
2014-08-06,60.18,60.2,59.02,59.02,1476118
2014-08-07,59.94,60.66,59.83,60.46,932359
2014-08-08,60.4,60.52,59.65,60.09,1263492
2014-08-11,60.59,60.93,60.5,60.7,2248016
2014-08-12,60.4,60.75,60.35,60.59,1471477
2014-08-13,60.42,60.89,60.31,60.67,1369311
2014-08-14,60.52,60.8,60.334,60.56,1703185
2014-08-15,60.4,61.1,60.33,60.85,3480158
2014-08-18,60.83,61.09,60.51,60.86,2107429
2014-08-19,61.14,61.15,60.74,60.88,1082522
2014-08-20,60.92,61.2,60.79,61.2,868064
2014-08-21,61.14,61.67,60.94,61.08,1069726
2014-08-22,60.48,61.34,60.43,61.28,1670996
2014-08-25,60.96,61.0955,60.59,60.96,1353256
2014-08-26,60.88,61.6,60.72,61.07,1389982
2014-08-27,61.82,61.82,60.93,61.08,1374204
2014-08-28,62.49,62.635,61.595,61.65,1558350
2014-08-29,62.92,63.01,62.44,62.62,1572008
2014-09-01,62.92,62.92,62.92,62.92,0
2014-09-02,63.03,63.41,62.65,62.82,1731749
2014-09-03,63.47,63.48,63.1,63.12,1320356
2014-09-04,62.59,63.7,62.53,63.41,1780999
2014-09-05,62.23,62.65,62.06,62.54,1209667
2014-09-08,62.31,62.41,62.005,62.18,1083581
2014-09-09,62.25,62.48,61.9,62.38,1402670
2014-09-10,62.71,62.8,62.37,62.37,969778
2014-09-11,62.8,62.84,62.16,62.21,1118861
2014-09-12,61.88,62.7,61.805,62.65,1187491
2014-09-15,62.52,62.69,61.76,62.06,1092778
2014-09-16,63.51,63.69,62.42,62.56,1753324
2014-09-17,63.13,63.72,63.02,63.57,1076534
2014-09-18,63.36,63.54,62.98,63.09,864548
2014-09-19,64.17,64.5399,63.23,63.51,2216687
2014-09-22,65.32,65.43,64.08,64.1,2422780
2014-09-23,63.8,65.165,63.79,65.07,1907618
2014-09-24,64.94,64.99,63.96,63.97,1411379
2014-09-25,63.95,64.62,63.75,64.62,1055066
2014-09-26,64.05,64.18,63.42,63.91,1216354
2014-09-29,64.09,64.12,63.515,63.7,1295254
2014-09-30,64.31,64.51,63.87,64.23,1116612
2014-10-01,63.57,64.5,63.56,64.23,1650555
2014-10-02,63.6,63.91,63.35,63.47,2068450
2014-10-03,64.74,64.9,63.6,64.18,1841985
2014-10-06,64.69,64.98,64.07,64.98,981858
2014-10-07,64.17,64.98,64.17,64.44,1634709
2014-10-08,65.2,65.24,64.14,64.33,1401237
2014-10-09,64.26,65.77,64.1,65.32,1879657
2014-10-10,64.43,65.19,64.41,64.52,1650822
2014-10-13,63.79,64.62,63.69,64.27,1095021
2014-10-14,64.08,64.6,63.99,64.04,1593971
2014-10-15,62.14,63.9,61.2589,63.57,2382671
2014-10-16,61.85,62.14,60.65,61.3,2229483
2014-10-17,63.09,63.31,61.76,62.22,1857426
2014-10-20,64.88,64.95,62.96,63.1,1790173
2014-10-21,65.36,65.66,64.5,64.78,1529901
2014-10-22,65.43,65.63,64.45,65.37,2433728
2014-10-23,66.95,69.35,66.75,67.13,2675344
2014-10-24,66.8,67.4899,66.43,67.02,1587468
2014-10-27,67.92,67.96,66.25,66.35,1832180
2014-10-28,67.9,68.71,67.475,68.38,1453199
2014-10-29,67.72,68.14,67.29,67.92,1237186
2014-10-30,68.94,69.26,67.52,67.87,1683409
2014-10-31,69.25,69.88,68.96,69.68,1884305
2014-11-03,69.53,69.69,69.085,69.09,1468532
2014-11-04,70.35,70.54,69.63,69.64,1617477
2014-11-05,69.0,70.99,68.84,70.98,1889798
2014-11-06,69.94,70.03,69.13,69.25,1792312
2014-11-07,69.95,70.35,69.4902,69.93,1168545
2014-11-10,70.47,70.56,69.6,69.95,1184680
2014-11-11,69.74,70.56,69.62,70.48,1254878
2014-11-12,70.66,70.74,69.04,69.32,1552678
2014-11-13,70.71,71.5,70.19,70.83,1407964
2014-11-14,70.1,70.77,69.81,70.73,1215066
2014-11-17,70.75,70.77,69.83,70.0,1258317
2014-11-18,70.9,71.45,70.67,71.16,1970650
2014-11-19,71.18,71.2,70.6899,71.17,2333062
2014-11-20,71.76,72.12,70.87,70.87,1494284
2014-11-21,71.98,72.63,71.59,72.55,1815051
2014-11-24,72.69,72.805,72.04,72.25,1673488
2014-11-25,73.26,73.73,72.55,72.65,1764866
2014-11-26,72.89,73.41,72.64,73.07,1329285
2014-11-27,72.89,72.89,72.89,72.89,0
2014-11-28,74.0,74.28,73.19,73.19,708699
2014-12-01,73.03,73.66,72.46,72.84,1529458
2014-12-02,73.59,73.96,72.7,72.94,2106437
2014-12-03,72.4,73.68,72.29,73.48,2776030
2014-12-04,72.12,72.7999,71.97,72.46,1792958
2014-12-05,71.94,72.25,71.58,71.99,1389322
2014-12-08,71.76,72.44,71.54,72.04,1482588
2014-12-09,71.25,71.84,70.5031,71.24,1632155
2014-12-10,71.24,72.16,71.1,71.27,1577956
2014-12-11,71.03,71.68,70.71,70.88,1283188
2014-12-12,70.21,71.63,70.17,70.63,1438869
2014-12-15,69.91,70.89,69.78,70.58,1364461
2014-12-16,69.89,71.45,69.39,69.75,1227871
2014-12-17,70.51,70.79,69.71,69.83,2071244
2014-12-18,72.31,72.31,70.73,71.29,2347624
2014-12-19,71.66,72.84,71.32,72.21,2703754
2014-12-22,72.76,72.8,71.92,71.92,1072963
2014-12-23,73.45,73.6,73.0,73.12,940885
2014-12-24,73.48,73.98,73.39,73.42,504109
2014-12-25,73.48,73.48,73.48,73.48,0
2014-12-26,73.11,73.48,73.08,73.4,461478
2014-12-29,72.91,73.26,72.25,72.98,599930
2014-12-30,72.7,73.14,72.5,72.63,813012
2014-12-31,71.68,72.91,71.68,72.8,873109
2015-01-01,71.68,71.68,71.68,71.68,0
2015-01-02,71.6,72.34,70.97,71.95,1048626
2015-01-05,71.38,71.7099,70.93,70.99,1441403
2015-01-06,71.48,71.99,70.775,71.64,1556453
2015-01-07,72.52,72.75,71.76,71.92,1163558
2015-01-08,74.2,74.25,73.154,73.23,1803012
2015-01-09,73.85,74.26,73.396,74.23,1159860
2015-01-12,73.23,74.19,73.13,74.16,1050282
2015-01-13,73.79,74.87,73.36,73.93,1314236
2015-01-14,74.81,74.87,73.06,73.17,1395588
2015-01-15,75.51,76.09,75.03,76.09,1570152
2015-01-16,76.46,76.5,75.32,75.48,1036481
2015-01-19,76.46,76.46,76.46,76.46,0
2015-01-20,77.8,77.825,76.27,77.12,1445173
2015-01-21,78.74,78.8,77.32,77.83,2059299
2015-01-22,79.34,79.41,78.26,79.14,3006847
2015-01-23,78.51,79.49,78.42,79.45,1089304
2015-01-26,79.12,79.17,78.08,78.51,1265137
2015-01-27,79.2,79.51,78.15,78.37,1497219
2015-01-28,78.46,80.04,78.3,79.48,1050212
2015-01-29,79.08,79.205,77.91,78.64,1871323
2015-01-30,77.27,78.79,77.13,78.71,1590518
2015-02-02,78.5,78.53,76.7,77.43,1400326
2015-02-03,77.82,78.85,77.62,78.46,1225051
2015-02-04,78.65,79.2,77.62,77.75,1249221
2015-02-05,77.36,78.89,77.24,78.66,1922945
2015-02-06,77.99,78.39,76.46,76.46,1981452
2015-02-09,77.88,78.37,77.51,78.03,939910
2015-02-10,78.79,79.11,77.71,78.69,1273134
2015-02-11,79.49,79.53,78.4,78.92,1656288
2015-02-12,78.3,81.45,77.77,80.5,2782828
2015-02-13,76.95,77.78,76.15,77.55,2685020
2015-02-16,76.95,76.95,76.95,76.95,0
2015-02-17,77.07,77.47,76.26,76.56,1518074
2015-02-18,78.02,78.304,76.68,76.68,1377386
2015-02-19,78.22,78.8,77.95,78.05,1626774
2015-02-20,78.82,78.84,77.4201,77.99,1322328
2015-02-23,78.85,79.0,78.44,78.82,874507
2015-02-24,78.91,79.0834,78.34,78.68,1489196
2015-02-25,79.03,79.23,78.51,79.0,813901
2015-02-26,78.19,79.07,77.9,79.07,3503128
2015-02-27,78.79,79.1,78.11,78.19,1398788
2015-03-02,79.2,79.42,78.79,78.93,1039080
2015-03-03,78.99,79.31,78.49,79.26,1059092
2015-03-04,78.02,78.99,77.66,78.97,1826464
2015-03-05,78.9,79.05,78.07,78.33,1376737
2015-03-06,78.35,78.8,78.09,78.8,2182181
2015-03-09,78.79,79.05,78.16,78.38,1101875
2015-03-10,77.95,78.48,77.8898,78.08,1061164
2015-03-11,76.87,78.1,76.78,78.1,898557
2015-03-12,77.56,77.61,76.75,76.75,864345
2015-03-13,76.69,77.49,76.45,77.23,1126158
2015-03-16,77.27,77.68,76.83,76.91,1523060
2015-03-17,75.74,76.99,75.48,76.77,1562849
2015-03-18,76.65,77.01,74.81,75.71,1458311
2015-03-19,76.11,76.84,75.72,76.37,1006930
2015-03-20,77.03,77.07,76.18,76.48,1826055
2015-03-23,77.4,77.65,77.0,77.0,1463319
2015-03-24,77.61,78.11,77.27,77.37,1228204
2015-03-25,77.17,78.2301,77.16,78.02,1464221
2015-03-26,79.1,79.44,77.9,77.95,2312961
2015-03-27,78.92,79.64,78.54,79.5,1690469
2015-03-30,79.67,79.98,78.53,79.25,1247704
2015-03-31,78.48,79.81,78.41,79.26,1910206
2015-04-01,78.5,78.7162,77.92,78.61,1899098
2015-04-02,78.12,78.55,77.94,78.55,1880541
2015-04-03,78.12,78.12,78.12,78.12,0
2015-04-06,78.68,79.67,77.77,78.0,1982227
2015-04-07,79.33,79.565,79.015,79.09,2187524
2015-04-08,78.82,79.51,78.49,79.29,1546291
2015-04-09,79.02,79.28,78.64,78.88,1348705
2015-04-10,78.72,79.38,78.56,79.19,1354947
2015-04-13,78.1,78.89,78.08,78.72,861536
2015-04-14,78.15,78.4,77.6001,77.99,1159394
2015-04-15,78.02,79.04,77.79,78.45,1321501
2015-04-16,78.36,78.59,77.9,78.15,976909
2015-04-17,76.98,78.07,76.67,77.9,1026632
2015-04-20,77.79,78.43,77.16,77.2,919004
2015-04-21,79.19,79.44,78.1199,78.15,1862795
2015-04-22,78.81,79.588,78.07,79.52,1436836
2015-04-23,78.95,79.98,78.27,79.6,1884365
2015-04-24,78.86,79.74,78.67,79.19,1273778
2015-04-27,77.24,79.17,77.06,79.17,1204477
2015-04-28,76.25,77.61,76.08,77.14,1771945
2015-04-29,75.3,76.27,74.77,76.22,1896679
2015-04-30,74.58,75.56,74.23,75.18,1467659
2015-05-01,75.97,75.99,74.72,74.83,1470304
2015-05-04,76.17,76.29,75.69,75.81,781365
2015-05-05,75.55,76.34,75.24,75.86,790551
2015-05-06,75.52,76.24,75.3,75.85,1063878
2015-05-07,75.75,76.26,75.6,75.8,1195487
2015-05-08,76.51,76.9,76.16,76.37,818422
2015-05-11,76.37,77.33,76.24,76.25,830200
2015-05-12,75.76,75.98,75.3,75.96,802047
2015-05-13,77.01,77.08,75.93,75.93,1976368
2015-05-14,77.66,77.91,77.18,77.35,993916
2015-05-15,77.41,78.47,77.17,77.63,1670880
2015-05-18,77.35,77.75,77.31,77.32,856725
2015-05-19,77.48,77.94,77.13,77.34,1576874
2015-05-20,77.4,77.91,77.4,77.59,1075419
2015-05-21,77.69,77.84,77.07,77.46,844235
2015-05-22,77.06,77.79,76.95,77.61,977919
2015-05-25,77.06,77.06,77.06,77.06,0
2015-05-26,76.44,77.2,76.34,76.98,1069830
2015-05-27,77.37,77.46,76.48,76.66,824762
2015-05-28,76.99,77.51,76.64,77.14,900897
2015-05-29,76.64,77.09,76.25,76.86,883888
2015-06-01,76.46,77.07,76.17,76.73,690253
2015-06-02,76.0,76.5,75.68,76.46,622571
2015-06-03,76.14,76.48,75.69,76.42,1149268
2015-06-04,75.26,76.09,75.145,75.81,1082922
2015-06-05,73.86,75.25,73.3,75.14,1579105
2015-06-08,73.46,73.99,73.43,73.81,698416
2015-06-09,73.27,73.645,72.78,73.46,1291188
2015-06-10,74.04,74.31,73.4,73.62,1089550
2015-06-11,74.17,74.36,73.69,73.69,1064619
2015-06-12,73.54,74.14,73.5,73.92,673877
2015-06-15,72.75,73.637,72.58,73.34,1264906
2015-06-16,73.54,73.6,72.76,72.83,719779
2015-06-17,74.09,74.245,73.2603,73.49,840977
2015-06-18,74.77,75.06,74.15,74.25,718008
2015-06-19,74.6,74.99,74.465,74.77,1283360
2015-06-22,74.68,75.33,74.65,74.89,465734
2015-06-23,74.25,74.82,74.24,74.58,566947
2015-06-24,74.42,75.36,74.33,74.33,982069
2015-06-25,74.69,75.03,74.46,74.52,1243350
2015-06-26,74.87,75.16,74.5601,74.74,782386
2015-06-29,73.33,74.42,73.29,74.28,687369
2015-06-30,72.9,73.935,72.71,73.84,1216140
2015-07-01,74.57,74.57,73.16,73.31,1631864
2015-07-02,74.18,74.85,73.76,74.53,925580
2015-07-03,74.18,74.18,74.18,74.18,0
2015-07-06,75.15,75.45,73.57,73.78,1444609
2015-07-07,77.34,77.53,75.1701,75.24,1781115
2015-07-08,76.13,77.16,76.13,77.06,1096102
2015-07-09,76.34,77.78,76.22,77.07,1004674
2015-07-10,77.18,77.7,76.69,76.88,895947
2015-07-13,78.31,78.355,77.44,77.72,751679
2015-07-14,78.57,78.94,78.08,78.47,972072
2015-07-15,78.32,78.93,78.11,78.35,729283
2015-07-16,78.76,78.99,78.57,78.83,726139
2015-07-17,78.67,78.75,78.21,78.59,464659
2015-07-20,79.15,79.27,78.61,78.96,625533
2015-07-21,78.78,79.67,78.54,79.29,659494
2015-07-22,78.72,79.47,78.47,78.48,1024551
2015-07-23,77.26,79.37,76.43,78.93,1261290
2015-07-24,77.92,78.35,77.3034,77.46,895766
2015-07-27,77.64,78.01,77.03,77.57,1381904
2015-07-28,78.98,79.08,77.81,77.91,1087656
2015-07-29,79.5,79.66,78.7,79.09,1309415
2015-07-30,79.82,80.1,79.0025,79.08,1000624
2015-07-31,80.22,80.41,79.93,80.22,1504537
2015-08-03,80.61,81.055,80.22,80.34,788253
2015-08-04,81.53,81.74,80.5,80.5,1295719
2015-08-05,83.24,83.355,81.87,82.12,1989894
2015-08-06,82.29,83.57,82.095,83.37,1632500
2015-08-07,81.87,82.78,81.78,82.27,1191350
2015-08-10,81.77,82.67,81.53,82.38,974276
2015-08-11,81.66,81.91,81.19,81.31,789195
2015-08-12,81.61,81.8,80.53,81.21,1031037
2015-08-13,82.12,82.5,81.5,81.51,609572
2015-08-14,82.25,82.4,81.731,82.07,653040
2015-08-17,83.0,83.0,81.86,81.86,610843
2015-08-18,82.78,83.13,82.57,82.8,713434
2015-08-19,82.59,83.21,81.83,82.38,1029965
2015-08-20,81.42,82.18,81.35,81.9,725945
2015-08-21,79.0,80.98,78.96,80.98,1309974
2015-08-24,76.75,77.82,72.0,75.99,1994630
2015-08-25,75.02,78.48,74.93,78.26,1593741
2015-08-26,76.62,76.68,73.81,76.32,3405941
2015-08-27,77.06,77.65,75.69,77.21,2228041
2015-08-28,77.11,77.17,76.33,76.73,1008135
2015-08-31,76.73,77.05,76.44,76.88,1166380
2015-09-01,75.41,76.29,75.09,75.52,1820195
2015-09-02,76.61,76.62,75.664,76.09,1114130
2015-09-03,76.95,77.5,76.709,76.74,1116657
2015-09-04,75.77,76.3,75.3025,76.19,1107245
2015-09-07,75.77,75.77,75.77,75.77,0
2015-09-08,77.67,77.765,76.53,76.65,1320075
2015-09-09,76.02,78.235,75.81,78.06,1297904
2015-09-10,75.95,76.37,75.35,75.76,1001250
2015-09-11,76.45,76.47,75.58,75.65,998041
2015-09-14,76.2,76.515,75.92,76.43,913946
2015-09-15,76.8,77.04,76.04,76.4,1049812
2015-09-16,77.26,77.45,76.81,76.81,971196
2015-09-17,77.81,78.72,77.11,77.28,789255
2015-09-18,77.23,78.13,77.0,77.21,1453181
2015-09-21,78.06,78.215,77.5,77.5,880668
2015-09-22,77.26,77.495,76.56,77.27,1059005
2015-09-23,77.63,77.73,76.78,77.18,656569
2015-09-24,77.82,77.97,77.08,77.3,781228
2015-09-25,78.21,79.27,78.06,78.48,870262
2015-09-28,77.19,78.25,76.8,77.98,1267510
2015-09-29,78.24,78.43,77.0,77.12,1727586
2015-09-30,79.05,79.18,78.52,79.07,1379423
2015-10-01,79.22,79.32,78.39,78.95,1149905
2015-10-02,79.57,79.67,78.01,78.49,1031041
2015-10-05,82.57,82.69,80.44,80.44,1659680
2015-10-06,81.96,83.28,81.9,82.77,1219857
2015-10-07,83.11,83.11,81.84,82.04,1533055
2015-10-08,83.6,83.79,82.49,82.94,1056649
2015-10-09,83.7,84.175,83.37,83.42,1146142
2015-10-12,84.03,84.3,83.61,83.69,975787
2015-10-13,83.6,84.01,83.3,83.84,1153410
2015-10-14,82.8,83.64,82.64,83.52,951820
2015-10-15,82.98,83.53,82.45,83.42,867779
2015-10-16,84.13,84.15,82.99,83.06,1068724
2015-10-19,84.9,84.97,83.82,84.13,993757
2015-10-20,84.73,85.7,84.58,84.79,1200318
2015-10-21,84.82,85.68,84.65,84.78,1506638
2015-10-22,89.6,90.12,85.64,85.64,2486832
2015-10-23,89.89,90.81,89.2,90.19,2293085
2015-10-26,89.88,90.0,89.44,90.0,979497
2015-10-27,90.49,90.52,89.7,90.05,1541020
2015-10-28,90.93,90.95,89.92,90.82,1008866
2015-10-29,90.08,90.71,89.94,90.57,952928
2015-10-30,89.37,90.44,89.37,90.03,1222060
2015-11-02,89.14,89.84,88.96,89.82,1386661
2015-11-03,88.23,88.87,88.12,88.8,1757961
2015-11-04,88.18,88.48,87.811,88.48,907462
2015-11-05,87.7,88.39,87.49,88.38,1453137
2015-11-06,86.26,87.6999,86.04,87.43,2199672
2015-11-09,85.9,86.3,85.5,86.06,1465007
2015-11-10,87.14,87.59,85.87,85.9,1466677
2015-11-11,88.48,89.24,87.36,87.46,1670555
2015-11-12,86.82,88.43,86.79,88.17,1117716
2015-11-13,86.86,88.0,86.6,86.91,1043898
2015-11-16,88.02,88.06,86.73,86.86,909412
2015-11-17,87.16,88.35,86.93,87.95,732495
2015-11-18,88.77,88.85,87.08,87.25,856605
2015-11-19,89.32,89.91,89.02,89.04,959280
2015-11-20,87.88,89.9993,87.82,89.73,1320030
2015-11-23,89.14,89.53,88.1,88.32,1058522
2015-11-24,89.44,89.76,88.27,88.5,1219555
2015-11-25,89.79,89.955,89.04,89.39,1033739
2015-11-26,89.79,89.79,89.79,89.79,0
2015-11-27,90.57,90.69,89.21,89.73,639429
2015-11-30,89.75,90.95,89.65,90.59,1813156
2015-12-01,91.64,91.765,90.02,90.16,1778580
2015-12-02,90.85,91.8,90.71,91.51,1066990
2015-12-03,89.79,91.06,89.41,90.79,1309707
2015-12-04,92.42,92.5,90.08,90.08,1214976
2015-12-07,91.82,92.53,91.11,92.27,1029285
2015-12-08,92.56,92.79,91.31,91.42,1349744
2015-12-09,90.94,92.83,90.67,92.06,1048664
2015-12-10,91.08,91.67,90.26,90.8,1104624
2015-12-11,90.44,91.24,89.85,90.12,1185737
2015-12-14,91.83,91.96,90.39,90.51,1716815
2015-12-15,93.33,93.84,92.19,92.19,1847990
2015-12-16,94.08,94.22,92.03,93.59,1483257
2015-12-17,93.03,93.92,92.75,93.91,1986225
2015-12-18,91.64,92.85,91.62,92.85,1988793
2015-12-21,92.18,92.436,91.37,92.35,1473277
2015-12-22,93.54,93.8,92.0365,92.74,1207263
2015-12-23,93.85,94.15,93.64,94.01,1028728
2015-12-24,93.92,94.31,93.5,93.61,346985
2015-12-25,93.92,93.92,93.92,93.92,0
2015-12-28,94.33,94.33,93.44,93.9,854697
2015-12-29,94.99,95.26,94.6,94.6,717738
2015-12-30,94.65,95.1399,94.55,94.96,607197
2015-12-31,93.2,94.55,93.18,94.41,775678
2016-01-01,93.2,93.2,93.2,93.2,0
2016-01-04,92.23,92.29,91.08,91.91,1484231
2016-01-05,93.37,93.71,92.37,92.49,1241359
2016-01-06,94.5,94.51,92.41,92.41,2904923
2016-01-07,93.29,94.51,93.0101,93.27,2203198
2016-01-08,92.46,94.24,92.24,93.75,1231066
2016-01-11,92.6,93.2799,91.62,92.7,1295753
2016-01-12,92.72,93.46,91.99,93.46,1028435
2016-01-13,90.39,92.0,90.28,91.46,1926369
2016-01-14,90.22,90.85,89.42,90.09,1596748
2016-01-15,89.16,89.5799,88.37,88.62,1334875
2016-01-18,89.16,89.16,89.16,89.16,0
2016-01-19,90.7,91.06,89.99,90.48,1268374
2016-01-20,90.22,91.26,88.9,89.74,2284923
2016-01-21,89.97,90.94,89.22,90.45,1644804
2016-01-22,90.55,91.88,89.51,91.77,2243870
2016-01-25,91.01,91.72,90.42,91.05,2156655
2016-01-26,91.42,91.86,91.046,91.22,1565370
2016-01-27,90.58,91.78,90.15,91.49,1180323
2016-01-28,92.07,92.23,90.51,90.71,2093292
2016-01-29,93.84,94.26,92.32,92.56,2228898
2016-02-01,95.53,95.87,93.645,93.76,1726636
2016-02-02,94.75,95.322,94.47,94.89,1636419
2016-02-03,93.2,95.36,93.01,95.18,1838040
2016-02-04,90.23,93.18,89.79,92.89,2144010
2016-02-05,89.35,90.67,88.8,90.35,1630416
2016-02-08,88.99,89.3,87.18,89.04,1919384
2016-02-09,90.32,90.86,88.215,88.23,1328259
2016-02-10,89.97,91.31,89.85,90.57,998953
2016-02-11,89.59,90.08,88.31,89.34,1400005
2016-02-12,91.97,92.15,89.99,90.63,1103647
2016-02-15,91.97,91.97,91.97,91.97,0
2016-02-16,92.01,92.97,91.6,92.87,2024716
2016-02-17,89.33,91.51,88.65,89.08,3049217
2016-02-18,89.94,90.18,89.06,89.6,2885180
2016-02-19,90.54,90.77,89.21,89.97,1479811
2016-02-22,91.33,91.88,90.61,90.8,1365988
2016-02-23,92.09,92.582,90.76,91.14,1437069
2016-02-24,92.67,92.8,91.435,91.81,1342315
2016-02-25,93.21,93.34,92.39,92.97,1707626
2016-02-26,92.18,93.24,91.63,92.97,1076572
2016-02-29,91.53,92.56,91.49,91.95,1203811
2016-03-01,92.71,93.0,91.54,92.15,1492819
2016-03-02,91.98,92.73,91.49,92.57,1259759
2016-03-03,91.95,92.04,91.03,91.9,1318494
2016-03-04,91.78,92.46,91.29,92.1,1780677
2016-03-07,90.21,91.66,90.02,91.38,1945435
2016-03-08,90.75,91.6822,90.01,90.1,2399377
2016-03-09,92.02,92.35,90.6,90.93,1382093
2016-03-10,92.12,92.88,91.33,92.03,1017300
2016-03-11,91.04,91.95,90.58,91.65,1372036
2016-03-14,90.75,91.41,90.38,91.23,1307794
2016-03-15,90.68,91.46,90.06,90.45,1180136
2016-03-16,90.2,90.58,89.26,90.22,1465930
2016-03-17,91.79,92.0,90.15,90.2,1604334
2016-03-18,90.35,91.77,90.28,91.77,2210773
2016-03-21,90.24,90.96,89.91,90.34,1648312
2016-03-22,89.37,90.28,89.13,90.17,1383836
2016-03-23,89.96,90.62,89.0,89.36,1491905
2016-03-24,88.23,90.0999,88.0,89.54,1488329
2016-03-25,88.23,88.23,88.23,88.23,0
2016-03-28,89.44,89.94,88.3,88.3,1128463
2016-03-29,90.02,90.15,89.35,89.44,1018440
2016-03-30,89.94,90.45,89.45,90.13,1240514
2016-03-31,89.42,90.44,89.33,90.06,1145543
2016-04-01,91.3,91.37,89.17,89.45,1659979
2016-04-04,91.0,91.8,90.44,91.48,1415360
2016-04-05,91.28,91.96,90.22,90.45,2442932
2016-04-06,91.24,91.44,90.2,91.17,1083578
2016-04-07,89.97,90.945,89.71,90.74,1620519
2016-04-08,91.52,91.84,89.98,90.18,1259881
2016-04-11,90.75,92.26,90.68,91.57,1206598
2016-04-12,90.6,91.47,90.45,90.74,989110
2016-04-13,89.36,90.69,89.26,90.68,1356593
2016-04-14,88.25,89.51,88.18,89.25,1996334
2016-04-15,88.43,88.48,87.755,88.31,1533217
2016-04-18,88.82,89.03,88.37,88.67,1196058
2016-04-19,89.59,89.81,88.62,89.1,1337482
2016-04-20,87.85,89.63,87.82,89.5,1283755
2016-04-21,86.42,87.97,86.03,87.7,1950098
2016-04-22,86.62,86.79,86.25,86.36,1471558
2016-04-25,87.63,87.71,86.45,86.51,1191134
2016-04-26,87.78,88.56,87.525,87.72,1535131
2016-04-27,90.38,90.52,89.135,89.3,2670568
2016-04-28,90.61,91.12,89.5255,89.97,1554597
2016-04-29,90.91,90.96,90.02,90.49,1542989
2016-05-02,92.06,92.45,90.82,91.07,1409638
2016-05-03,92.05,92.65,91.65,91.89,1108230
2016-05-04,92.74,92.98,91.4,91.76,847931
2016-05-05,92.98,93.5699,92.63,92.64,979991
2016-05-06,93.95,94.12,92.59,92.83,925893
2016-05-09,94.89,95.01,93.945,93.95,1094682
2016-05-10,95.43,95.78,94.67,95.05,1213045
2016-05-11,94.77,95.74,94.66,95.4,604170
2016-05-12,95.56,95.56,94.39,94.92,1124617
2016-05-13,94.91,95.83,94.5,95.42,803942
2016-05-16,94.43,94.945,93.72,94.76,1440435
2016-05-17,92.41,94.29,92.0,94.13,1118695
2016-05-18,91.85,92.74,91.36,92.19,1110066
2016-05-19,92.2,92.31,91.54,91.77,665320
2016-05-20,91.21,92.68,91.14,92.68,884337
2016-05-23,91.91,92.29,91.2,91.5,914546
2016-05-24,92.69,93.01,92.12,92.15,832884
2016-05-25,91.77,92.808,91.74,92.5,788287
2016-05-26,92.18,92.39,91.74,91.94,941006
2016-05-27,92.15,92.71,91.8465,92.18,703100
2016-05-30,92.15,92.15,92.15,92.15,0
2016-05-31,91.4,92.69,91.0,92.38,2048524
2016-06-01,92.35,92.52,91.4,91.58,1125925
2016-06-02,92.04,92.37,91.8,92.12,669584
2016-06-03,92.71,92.7924,91.93,92.08,657763
2016-06-06,92.32,92.94,92.14,92.7,560857
2016-06-07,91.78,92.42,91.69,92.35,881267
2016-06-08,91.86,91.95,91.0,91.57,848708
2016-06-09,92.37,92.49,91.46,91.83,1079135
2016-06-10,92.22,92.46,91.48,91.59,1026041
2016-06-13,91.63,92.85,91.54,92.28,841790
2016-06-14,91.72,91.84,90.23,91.18,1204620
2016-06-15,91.3,92.02,90.98,91.78,983425
2016-06-16,92.41,92.47,90.9,91.02,1201504
2016-06-17,91.37,92.0697,90.56,91.97,1677751
2016-06-20,91.97,92.6264,91.865,91.93,815544
2016-06-21,92.37,92.89,92.0601,92.38,631715
2016-06-22,92.11,92.9,92.01,92.55,870597
2016-06-23,92.57,92.64,92.08,92.51,418309
2016-06-24,92.18,92.86,90.1799,90.72,1412419
2016-06-27,95.85,96.28,91.8,91.91,3613441
2016-06-28,94.73,95.64,93.72,95.64,2098708
2016-06-29,94.08,95.59,93.61,95.06,1336883
2016-06-30,96.63,96.65,94.04,94.05,1500328
2016-07-01,95.65,97.07,95.57,97.07,995560
2016-07-04,95.65,95.65,95.65,95.65,0
2016-07-05,97.34,98.07,95.54,95.79,967749
2016-07-06,97.74,98.14,96.48,97.52,1592937
2016-07-07,97.01,98.4,96.84,98.03,915584
2016-07-08,97.13,97.43,96.52,97.25,822498
2016-07-11,96.54,96.84,96.02,96.68,876245
2016-07-12,96.81,96.97,96.17,96.22,831786
2016-07-13,97.21,97.35,96.33,96.71,703595
2016-07-14,96.95,97.54,95.94,95.94,727641
2016-07-15,97.01,97.4,96.76,97.09,593873
2016-07-18,96.62,97.21,96.19,97.19,439276
2016-07-19,97.86,97.87,96.59,96.67,963224
2016-07-20,97.79,98.33,97.33,97.97,1219022
2016-07-21,97.57,97.6,97.07,97.29,791135
2016-07-22,98.34,98.42,97.57,97.68,671374
2016-07-25,98.02,98.35,97.2,98.2,897519
2016-07-26,97.19,98.079,97.12,97.91,1040357
2016-07-27,96.2,97.06,94.55,96.74,1923704
2016-07-28,97.87,98.08,96.2,96.2,1124067
2016-07-29,98.51,98.8,97.86,97.86,980277
2016-08-01,98.0,98.45,97.82,98.33,1309387
2016-08-02,97.01,98.16,96.7,97.78,1348452
2016-08-03,96.66,97.37,96.3,97.37,887097
2016-08-04,97.19,97.49,96.45,96.71,873006
2016-08-05,96.78,98.24,96.43,97.51,1130100
2016-08-08,95.93,96.78,95.51,96.78,1110237
2016-08-09,95.9,96.755,95.7,96.03,1293780
2016-08-10,97.03,97.32,95.7,95.85,1098985
2016-08-11,96.98,97.68,96.65,97.37,944465
2016-08-12,97.23,97.49,96.8701,97.2,655606
2016-08-15,97.0,97.42,96.92,97.32,699271
2016-08-16,95.21,96.96,95.16,96.65,1433987
2016-08-17,95.89,96.01,94.86,95.34,1484339
2016-08-18,95.64,96.27,95.4275,95.69,726155
2016-08-19,94.95,95.74,94.41,95.61,1388283
2016-08-22,94.47,95.18,94.24,94.97,2013510
2016-08-23,93.47,95.12,92.91,94.46,1545163
2016-08-24,93.41,94.07,92.81,93.14,1373860
2016-08-25,93.52,93.88,93.16,93.53,1188663
2016-08-26,93.28,94.28,93.075,93.72,884933
2016-08-29,93.39,93.78,93.1,93.52,778316
2016-08-30,93.17,93.71,92.92,93.46,963289
2016-08-31,93.7,93.86,92.93,93.18,1106963
2016-09-01,93.32,93.78,92.61,93.59,1183428
2016-09-02,94.46,94.57,93.42,93.59,945916
2016-09-05,94.46,94.46,94.46,94.46,0
2016-09-06,93.97,94.68,93.45,94.33,1460718
2016-09-07,93.55,93.969,92.75,93.57,1295167
2016-09-08,92.99,93.88,92.77,93.15,1172842
2016-09-09,89.84,91.93,89.83,91.93,1488906
2016-09-12,91.26,91.35,89.94,90.19,1561052
2016-09-13,90.05,91.36,89.97,91.03,1284331
2016-09-14,90.28,90.8,90.03,90.19,756790
2016-09-15,90.22,90.54,89.9,90.11,1036720
2016-09-16,90.75,90.885,89.45,90.09,1381052
2016-09-19,90.77,90.98,90.6,90.66,887378
2016-09-20,90.79,91.35,90.49,91.09,1200451
2016-09-21,91.4,91.64,90.14,90.71,996255
2016-09-22,92.0,92.23,91.53,91.83,1068114
2016-09-23,91.61,92.22,91.2,91.62,1261787
2016-09-26,90.29,91.51,90.2,91.5,1179094
2016-09-27,90.65,90.95,90.2,90.84,1283831
2016-09-28,91.28,91.36,90.5,90.8,1110247
2016-09-29,90.72,91.99,90.6,91.47,1042735
2016-09-30,91.31,91.65,90.6,91.17,969451
2016-10-03,90.76,90.98,90.11,90.93,1101769
2016-10-04,86.86,88.88,85.32,88.25,3466475
2016-10-05,87.12,88.15,86.95,87.03,2147715
2016-10-06,88.04,88.32,86.71,87.08,1211346
2016-10-07,87.49,88.24,87.04,88.13,1251595
2016-10-10,87.79,87.91,87.01,87.61,1052673
2016-10-11,87.14,87.825,86.77,87.73,860396
2016-10-12,87.35,87.59,86.84,87.21,1597041
2016-10-13,87.36,87.64,86.66,86.99,1250487
2016-10-14,87.12,87.735,87.02,87.36,1048542
2016-10-17,87.67,87.7,87.01,87.36,1020358
2016-10-18,87.66,88.365,87.64,88.1,752355
2016-10-19,88.02,88.29,87.02,87.62,1235458
2016-10-20,87.12,88.36,87.035,88.0,966890
2016-10-21,87.86,87.94,86.82,87.0,1015594
2016-10-24,88.32,88.58,87.76,87.87,1199415
2016-10-25,88.32,88.41,87.65,88.08,1540414
2016-10-26,88.61,90.9,88.0,88.46,2351624
2016-10-27,87.09,90.23,86.63,90.23,2141404
2016-10-28,88.24,88.45,87.17,87.37,1654641
2016-10-31,87.79,88.425,87.52,88.26,1325542
2016-11-01,86.81,87.7,86.57,87.56,1449367
2016-11-02,87.05,87.68,86.82,86.82,858550
2016-11-03,86.66,87.49,86.4751,87.21,880961
2016-11-04,86.53,87.13,86.43,86.73,1100600
2016-11-07,87.7,87.74,87.12,87.12,1164505
2016-11-08,88.55,88.89,87.47,87.53,835346
2016-11-09,85.93,87.2,84.5,86.84,1453149
2016-11-10,83.24,85.18,83.01,85.18,2097956
2016-11-11,82.38,82.8,81.05,82.77,1652116
2016-11-14,82.44,82.67,81.55,82.51,1752645
2016-11-15,83.26,83.48,82.355,82.57,1359913
2016-11-16,82.86,83.53,82.37,83.38,1310615
2016-11-17,83.04,83.09,82.24,82.87,1158606
2016-11-18,83.48,83.66,82.89,82.94,1416802
2016-11-21,85.25,85.31,83.25,83.44,1467087
2016-11-22,87.5,87.74,85.58,85.9,2477053
2016-11-23,87.26,88.19,86.84,86.84,2376866
2016-11-24,87.26,87.26,87.26,87.26,0
2016-11-25,88.02,88.78,87.5,87.86,828206
2016-11-28,88.83,89.02,88.03,88.11,1329241
2016-11-29,89.45,89.66,88.5101,88.85,1668061
2016-11-30,86.74,89.16,86.57,88.68,4577819
2016-12-01,85.2,86.44,84.06,86.27,1799749
2016-12-02,85.13,86.2,84.76,85.39,1926530
2016-12-05,85.95,85.96,85.17,85.35,1467396
2016-12-06,87.35,87.37,86.0,86.57,1533364
2016-12-07,88.55,88.58,87.0,87.09,1978805
2016-12-08,87.73,88.11,87.36,87.78,1832803
2016-12-09,89.84,89.94,87.17,87.17,2374847
2016-12-12,90.33,90.57,89.54,89.82,2048851
2016-12-13,90.05,90.535,89.7875,90.28,1933390
2016-12-14,89.75,90.67,89.22,90.49,3400293
2016-12-15,90.52,90.63,89.5,89.6,1552421
2016-12-16,90.65,90.93,90.13,90.42,2359730
2016-12-19,90.35,90.82,90.03,90.7,990688
2016-12-20,90.47,90.63,89.71,90.29,1193623
2016-12-21,90.3,91.07,90.25,90.59,1010985
2016-12-22,90.51,90.63,89.645,90.15,1033831
2016-12-23,90.78,91.04,90.38,90.65,586821
2016-12-26,90.78,90.78,90.78,90.78,0
2016-12-27,90.87,91.05,90.48,90.88,591338
2016-12-28,90.46,90.6525,90.15,90.53,890853
2016-12-29,90.96,91.14,90.6,90.61,512798
2016-12-30,90.67,91.14,90.37,91.14,737048
2017-01-02,90.67,90.67,90.67,90.67,0
2017-01-03,90.86,91.17,90.4,90.67,933959
2017-01-04,91.29,91.74,90.96,91.1,940524
2017-01-05,91.37,91.69,90.71,91.01,1157661
2017-01-06,90.93,91.28,90.49,91.1,951606
2017-01-09,90.54,91.75,90.47,91.69,1299249
2017-01-10,90.08,90.6,89.72,90.37,1887329
2017-01-11,90.02,90.7,89.72,89.8,1714013
2017-01-12,89.49,90.2,89.22,89.77,1236087
2017-01-13,89.54,89.99,89.06,89.73,886680
2017-01-16,89.54,89.54,89.54,89.54,0
2017-01-17,90.26,90.41,89.6,89.7,1003028
2017-01-18,90.34,90.72,89.99,90.2,1526089
2017-01-19,90.37,90.63,90.0,90.46,695240
2017-01-20,90.7,90.92,89.92,90.67,960857
2017-01-23,91.21,91.26,90.52,90.68,779512
2017-01-24,91.45,91.6,90.71,91.21,1030575
2017-01-25,91.11,91.73,91.02,91.55,1218302
2017-01-26,90.63,91.44,90.18,91.11,1216492
2017-01-27,90.03,90.87,89.76,90.8,709010
2017-01-30,90.69,90.73,89.84,90.17,1082001
2017-01-31,91.2,91.63,90.33,90.56,1126948
2017-02-01,90.41,91.22,90.21,91.2,1000537
2017-02-02,91.58,91.78,90.5,90.84,987974
2017-02-03,91.72,92.54,91.58,92.0,743457
2017-02-06,91.18,91.8,91.12,91.8,593064
2017-02-07,92.58,92.76,91.38,91.6,872073
2017-02-08,92.78,93.36,92.13,92.4,1048985
2017-02-09,93.18,93.33,91.8481,92.54,905890
2017-02-10,93.56,93.86,92.93,93.2,887431
2017-02-13,93.49,94.08,92.735,93.56,1683224
2017-02-14,93.07,93.72,90.0,90.51,2085217
2017-02-15,92.82,93.12,91.64,92.5,1944580
2017-02-16,94.07,94.21,92.9,92.93,1603164
2017-02-17,93.98,94.79,93.57,93.86,1594721
2017-02-20,93.98,93.98,93.98,93.98,0
2017-02-21,94.57,94.8,93.57,93.91,967959
2017-02-22,94.26,95.15,94.18,94.6,1534834
2017-02-23,94.62,95.09,94.05,94.26,901091
2017-02-24,94.79,95.06,94.16,94.76,1010175
2017-02-27,93.29,94.59,93.27,94.45,742303
2017-02-28,93.44,94.24,93.29,93.38,1708471
2017-03-01,93.28,93.84,92.93,93.3,1296477
2017-03-02,94.62,94.945,93.3001,93.57,1061554
2017-03-03,94.91,95.52,94.26,95.52,1617147
2017-03-06,94.43,94.93,94.13,94.64,1276222
2017-03-07,94.23,94.76,93.82,93.98,1566269
2017-03-08,94.36,94.75,93.57,93.95,1057216
2017-03-09,94.59,94.99,94.19,94.76,1084694
2017-03-10,94.73,94.9,94.22,94.48,1694283
2017-03-13,94.71,94.93,94.2,94.55,950932
2017-03-14,94.65,95.39,94.5,94.53,864899
2017-03-15,96.13,96.43,94.51,94.76,1060883
2017-03-16,96.41,96.53,95.67,95.92,1765449
2017-03-17,95.59,96.52,95.56,96.51,1457593
2017-03-20,96.15,96.33,95.72,95.72,691766
2017-03-21,96.58,96.88,96.22,96.34,1240563
2017-03-22,96.98,97.39,96.38,96.98,1041685
2017-03-23,96.68,97.415,96.44,96.72,851160
2017-03-24,96.96,97.1,96.54,96.68,639043
2017-03-27,97.23,97.41,96.23,96.56,826270
2017-03-28,97.17,97.27,96.53,96.94,998199
2017-03-29,97.09,97.2299,96.54,97.12,950234
2017-03-30,97.34,97.85,97.0,97.14,1049491
2017-03-31,97.92,98.17,97.22,97.42,1631795
2017-04-03,97.41,98.13,97.085,97.88,1087609
2017-04-04,97.55,97.75,96.81,97.17,816232
2017-04-05,96.92,97.58,96.56,97.27,1450074
2017-04-06,96.24,97.0,96.09,96.52,1110591
2017-04-07,96.55,96.72,96.205,96.34,983840
2017-04-10,97.09,97.25,96.17,96.7,939849
2017-04-11,97.12,97.18,96.72,96.99,708804
2017-04-12,97.28,97.64,96.515,96.72,884234
2017-04-13,97.21,97.81,97.014,97.21,648391
2017-04-14,97.21,97.21,97.21,97.21,0
2017-04-17,98.15,98.15,97.42,97.42,511240
2017-04-18,98.88,99.47,97.88,98.18,968773
2017-04-19,98.42,99.03,98.27,98.88,730643
2017-04-20,98.09,98.4725,98.0,98.38,937602
2017-04-21,97.97,98.49,97.93,98.21,1193655
2017-04-24,98.25,98.74,97.66,98.47,1288201
2017-04-25,98.41,98.675,97.81,97.94,1630318
2017-04-26,92.98,94.79,91.5,92.76,4481278
2017-04-27,92.17,93.46,91.93,93.14,2749549
2017-04-28,91.65,92.11,91.07,91.89,2669756
2017-05-01,90.88,91.689,90.78,91.67,1251606
2017-05-02,90.23,91.47,90.14,91.22,1559075
2017-05-03,90.83,90.96,89.88,90.25,1603196
2017-05-04,91.21,91.67,90.8981,91.1,1349823
2017-05-05,91.21,91.68,91.0,91.16,896808
2017-05-08,91.08,91.44,90.605,91.1,1076322
2017-05-09,90.51,91.26,90.33,91.19,983768
2017-05-10,90.47,90.89,90.35,90.6,981268
2017-05-11,90.9,90.92,90.08,90.37,1147075
2017-05-12,90.35,91.02,90.3,90.6,592439
2017-05-15,91.09,91.41,90.36,90.36,1115898
2017-05-16,90.97,93.21,90.91,92.31,1469588
2017-05-17,90.32,91.1,90.25,90.83,1471213
2017-05-18,90.43,90.89,89.94,90.46,1391381
2017-05-19,90.92,91.345,90.28,90.7,1624437
2017-05-22,91.47,91.62,90.85,90.92,1084174
2017-05-23,91.9,92.47,91.56,91.65,912139
2017-05-24,93.28,93.62,91.98,92.27,1064720
2017-05-25,93.3,93.62,93.09,93.45,885229
2017-05-26,93.45,93.82,93.19,93.24,661052
2017-05-29,93.45,93.45,93.45,93.45,0
2017-05-30,92.59,93.71,92.33,93.05,1166648
2017-05-31,92.81,93.33,92.47,92.83,1396852
2017-06-01,92.93,93.02,91.97,92.93,1056700
2017-06-02,92.84,93.29,92.4,93.1,1058878
2017-06-05,92.88,93.1025,92.22,92.68,689887
2017-06-06,92.29,92.83,91.94,92.83,1149181
2017-06-07,93.5,93.87,92.39,92.62,1383248
2017-06-08,92.1,93.45,91.57,93.31,1281141
2017-06-09,91.4,92.33,91.0,92.04,1175430
2017-06-12,92.66,92.8,91.12,91.12,1279534
2017-06-13,92.91,93.14,91.91,92.58,1059974
2017-06-14,93.74,94.32,93.03,93.43,1561550
2017-06-15,93.78,93.86,92.93,93.34,895500
2017-06-16,93.26,93.74,93.085,93.7,1717983
2017-06-19,95.53,95.71,92.69,93.53,2439236
2017-06-20,96.06,96.75,95.2,95.51,2357786
2017-06-21,95.78,96.165,95.21,95.81,1324949
2017-06-22,92.3,94.9696,92.26,94.84,2252655
2017-06-23,92.91,93.27,92.01,92.25,2817197
2017-06-26,92.92,93.76,92.68,93.26,1108690
2017-06-27,91.63,92.7,91.39,92.62,895203
2017-06-28,92.22,92.79,91.82,92.03,1197095
2017-06-29,90.9,92.02,90.7,91.98,854033
2017-06-30,91.11,91.7,91.1,91.26,748902
2017-07-03,91.5,91.88,91.23,91.6,405427
2017-07-04,91.5,91.5,91.5,91.5,0
2017-07-05,89.77,91.28,89.55,91.28,1453597
2017-07-06,89.07,89.82,88.95,89.56,1336438
2017-07-07,89.26,89.65,88.95,89.44,1034448
2017-07-10,89.21,89.56,88.81,89.29,981397
2017-07-11,88.73,89.59,88.66,89.45,1165705
2017-07-12,89.28,89.67,88.9,89.31,885316
2017-07-13,89.45,89.76,89.05,89.5,992982
2017-07-14,90.32,90.69,89.25,89.25,937441
2017-07-17,90.28,90.71,90.05,90.24,754240
2017-07-18,90.97,91.24,89.88,90.29,1243354
2017-07-19,91.4,91.74,90.83,90.96,1252471
2017-07-20,91.26,91.685,91.08,91.52,991424
2017-07-21,91.38,91.575,91.0901,91.19,1356697
2017-07-24,91.5,92.095,91.27,91.55,1083366
2017-07-25,91.89,92.09,91.43,91.85,1048833
2017-07-26,92.15,92.45,91.64,91.9,1339249
2017-07-27,92.03,93.765,91.15,91.53,2308286
2017-07-28,90.84,92.05,90.37,91.91,1498050
2017-07-31,91.16,91.36,90.4,90.67,1358182
2017-08-01,91.05,91.77,90.995,91.37,867812
2017-08-02,90.99,91.47,90.36,90.91,955120
2017-08-03,90.86,91.58,90.76,91.07,922756
2017-08-04,90.66,91.14,89.87,91.05,1257604
2017-08-07,91.06,91.24,90.25,90.72,564588
2017-08-08,90.31,91.19,90.19,90.99,969616
2017-08-09,90.32,90.42,89.4,90.3,1069545
2017-08-10,90.38,90.78,89.81,90.19,866278
2017-08-11,90.38,91.14,89.98,89.98,615389
2017-08-14,91.29,91.45,90.435,90.83,652819
2017-08-15,91.97,92.14,91.12,91.41,436785
2017-08-16,92.44,92.65,91.95,91.95,595600
2017-08-17,91.72,92.86,91.58,92.33,1055667
2017-08-18,91.08,91.66,90.55,91.65,1226608
2017-08-21,91.4,91.66,90.85,91.12,562958
2017-08-22,91.93,92.01,91.29,91.38,794574
2017-08-23,91.13,91.94,91.12,91.57,851160
2017-08-24,89.96,91.28,89.85,91.14,967487
2017-08-25,90.34,90.97,90.31,90.57,934264
2017-08-28,90.34,90.91,90.33,90.57,1198449
2017-08-29,90.4,90.9,90.04,90.3,868622
2017-08-30,90.79,90.8,89.86,90.3,740240
2017-08-31,91.05,91.28,90.66,90.79,1063953
2017-09-01,91.72,91.76,90.89,91.24,772563
2017-09-04,91.72,91.72,91.72,91.72,0
2017-09-05,91.82,91.86,91.22,91.6,1074351
2017-09-06,92.08,92.24,91.405,91.83,1006707
2017-09-07,92.09,92.36,91.85,92.09,952994
2017-09-08,91.52,92.05,91.39,92.05,978731
2017-09-11,92.11,92.23,91.56,91.71,668440
2017-09-12,92.24,92.69,91.95,92.13,695939
2017-09-13,91.73,92.18,91.55,91.68,1083470
2017-09-14,91.59,92.01,91.22,91.67,817371
2017-09-15,91.54,91.87,91.37,91.66,1672944
2017-09-18,91.97,92.0,91.3,91.63,801464
2017-09-19,91.8,92.0,91.59,91.87,969168
2017-09-20,91.68,91.76,90.95,91.45,1055922
2017-09-21,89.5,91.0,89.19,90.47,2640868
2017-09-22,88.74,89.75,88.31,89.32,1360430
2017-09-25,87.94,88.7,87.55,88.65,1366223
2017-09-26,88.71,88.9,87.57,87.7,1352266
2017-09-27,87.65,88.58,87.28,88.54,1306114
2017-09-28,88.36,88.565,87.36,87.47,1283201
2017-09-29,88.47,89.21,88.37,88.43,1429005
2017-10-02,87.67,88.51,87.14,88.51,1173940
2017-10-03,87.13,87.845,86.99,87.81,1542307
2017-10-04,87.68,87.79,86.42,87.03,1601957
2017-10-05,87.93,88.58,87.88,88.09,1019668
2017-10-06,88.26,88.34,87.64,87.76,834721
2017-10-09,88.06,88.435,87.735,88.29,1083876
2017-10-10,88.61,89.13,88.16,88.28,1073411
2017-10-11,88.8,89.14,88.4594,88.63,907842
2017-10-12,89.06,89.11,88.38,88.74,990711
2017-10-13,89.25,89.7,88.96,89.15,936664
2017-10-16,89.63,89.66,88.78,89.17,1054317
2017-10-17,89.37,89.59,88.95,89.44,679977
2017-10-18,89.15,89.6,88.955,89.29,775066
2017-10-19,89.31,89.46,88.9701,89.13,1058630
2017-10-20,89.03,89.47,88.81,89.38,1057883
2017-10-23,90.33,91.5,89.94,91.42,1407309
2017-10-24,89.71,90.34,89.3279,90.15,1273766
2017-10-25,85.52,86.7,83.23,85.0,4420363
2017-10-26,86.46,87.54,85.45,85.93,2516622
2017-10-27,85.75,86.92,85.6,86.28,1469249
2017-10-30,85.05,85.99,84.95,85.78,1567817
2017-10-31,85.66,86.22,85.28,85.52,1581348
2017-11-01,85.89,86.66,85.57,86.02,1341182
2017-11-02,85.34,86.4,84.69,86.04,1260982
2017-11-03,85.62,86.05,85.42,85.58,1300513
2017-11-06,84.47,85.36,84.4,85.35,1477364
2017-11-07,84.48,85.35,84.07,84.26,1874792
2017-11-08,85.61,85.81,84.46,84.93,1116867
2017-11-09,85.69,86.27,85.221,85.49,791149
2017-11-10,86.32,86.54,85.5,85.72,767189
2017-11-13,87.03,87.46,86.38,86.38,1145815
2017-11-14,87.82,88.2,86.59,86.91,1370190
2017-11-15,87.33,88.25,87.17,87.81,959069
2017-11-16,87.12,87.82,87.05,87.55,799266
2017-11-17,87.26,87.29,86.54,86.81,668428
2017-11-20,87.23,87.75,86.81,87.28,706338
2017-11-21,87.03,87.95,86.95,87.31,942228
2017-11-22,86.4,87.025,85.91,86.92,652774
2017-11-23,86.4,86.4,86.4,86.4,0
2017-11-24,86.56,87.14,86.46,86.72,312631
2017-11-27,86.91,87.49,86.41,86.73,834163
2017-11-28,87.62,87.64,86.42,87.15,892165
2017-11-29,89.46,89.57,87.27,87.49,1411419
2017-11-30,90.19,90.35,89.36,89.52,2154389
2017-12-01,90.26,90.45,88.8382,90.37,1497234
2017-12-04,93.1,93.29,90.33,90.53,1429916
2017-12-05,93.5,94.15,93.13,93.2,1731335
2017-12-06,94.95,95.04,93.53,93.53,1499596
2017-12-07,94.1,94.9,93.45,94.58,1323933
2017-12-08,94.15,94.18,92.7808,93.96,1036545
2017-12-11,94.52,94.55,93.0,94.03,721569
2017-12-12,94.16,95.07,93.64,94.25,1176396
2017-12-13,93.76,94.01,92.74,93.33,1201226
2017-12-14,92.98,94.0,92.97,93.74,1244801
2017-12-15,93.92,93.99,93.13,93.5,1447223
2017-12-18,94.16,95.2,94.07,94.32,1342155
2017-12-19,94.23,94.79,93.45,94.25,1788436
2017-12-20,95.98,96.16,94.3,94.34,2447799
2017-12-21,95.8,96.44,95.73,95.98,1576500
2017-12-22,96.12,96.4,95.67,96.24,867044
2017-12-25,96.12,96.12,96.12,96.12,0
2017-12-26,96.33,96.97,96.05,96.33,791009
2017-12-27,97.02,97.04,96.33,96.65,647072
2017-12-28,96.89,97.24,96.52,97.08,902050
2017-12-29,97.06,97.84,96.71,97.09,1075784
2018-01-01,97.06,97.06,97.06,97.06,0
2018-01-02,95.27,97.37,95.21,97.37,1763934
2018-01-03,95.32,95.61,94.79,95.18,1202261
2018-01-04,95.77,96.48,95.36,95.36,1256891
2018-01-05,95.5,96.0,95.1555,95.93,1036176
2018-01-08,95.68,95.99,95.2,95.62,1043874
2018-01-09,95.52,95.98,95.24,95.77,897508
2018-01-10,95.67,95.8,94.61,95.37,1007220
2018-01-11,95.64,96.16,95.3801,95.61,950889
2018-01-12,95.24,95.77,95.18,95.77,853241
2018-01-15,95.24,95.24,95.24,95.24,0
2018-01-16,94.91,95.64,94.82,95.5,1462279
2018-01-17,95.9,96.45,95.06,95.39,1051136
2018-01-18,95.32,95.97,94.86,95.86,1386152
2018-01-19,96.35,96.99,95.65,95.77,1117416
2018-01-22,96.76,96.795,96.26,96.35,613173
2018-01-23,96.73,97.24,96.16,96.72,705129
2018-01-24,95.96,96.73,95.81,96.73,1050467
2018-01-25,95.69,96.16,95.44,96.09,1098987
2018-01-26,95.65,95.915,95.19,95.45,1156170
2018-01-29,117.07,126.65,116.91,126.58,24777094
2018-01-30,119.0,119.5,116.83,116.95,5333570
2018-01-31,119.35,120.49,118.91,119.23,5963438
2018-02-01,120.1,120.58,119.1,119.1,5438173
2018-02-02,118.71,119.94,118.71,119.56,4400516
2018-02-05,118.33,119.24,118.02,118.45,3820583
2018-02-06,118.35,119.58,117.49,117.5,4319767
2018-02-07,118.0,119.15,118.0,118.38,2981774
2018-02-08,116.93,118.395,116.93,118.22,3423996
2018-02-09,116.71,117.8,116.25,117.11,3014584
2018-02-12,116.74,117.66,116.5,116.95,2754534
2018-02-13,115.95,116.93,115.9,116.27,2692599
2018-02-14,114.91,116.64,114.79,115.76,2768796
2018-02-15,115.51,116.23,114.76,115.0,2145552
2018-02-16,115.12,116.5,114.8,115.15,2677202
2018-02-19,115.12,115.12,115.12,115.12,0
2018-02-20,116.06,116.44,114.64,115.1,2065725
2018-02-21,115.38,116.49,115.38,115.79,1608673
2018-02-22,114.81,115.69,114.45,115.25,2699231
2018-02-23,115.37,115.5,114.92,115.14,2055140
2018-02-26,115.96,116.12,115.1,115.1,2097060
2018-02-27,116.3,116.31,115.19,116.09,1966811
2018-02-28,116.25,116.59,115.31,116.5,1690322
2018-03-01,116.44,116.705,115.39,116.0,1810146
2018-03-02,116.24,116.47,115.0,115.91,2608436
2018-03-05,115.91,116.31,115.33,116.22,1554444
2018-03-06,116.12,116.3,115.35,115.74,2049469
2018-03-07,116.3,116.72,115.64,115.72,2355999
2018-03-08,117.35,117.49,115.01,115.25,3831418
2018-03-09,117.95,118.44,116.8,117.45,1537343
2018-03-12,117.59,118.62,117.54,118.15,3486283
2018-03-13,117.65,118.21,117.57,117.99,3976102
2018-03-14,117.81,118.12,117.355,117.55,2876720
2018-03-15,117.27,118.18,116.77,117.82,1408182
2018-03-16,117.6,118.02,116.84,117.5,1643926
2018-03-19,118.36,118.5,117.62,118.0,3177974
2018-03-20,118.4,118.5,117.56,118.05,1479883
2018-03-21,118.0,118.42,117.74,118.25,992925
2018-03-22,118.02,118.23,117.5,117.79,1581735
2018-03-23,117.95,118.25,117.73,117.92,1370546
2018-03-26,118.42,118.5,117.95,118.27,596216
2018-03-27,118.28,118.35,117.85,118.27,1217135
2018-03-28,118.36,118.97,118.11,118.44,1137444
2018-03-29,118.38,118.9,118.2,118.5,1417822
2018-03-30,118.38,118.38,118.38,118.38,0
2018-04-02,118.1,118.76,117.76,118.47,1231489
2018-04-03,118.19,118.47,117.6801,118.09,1233536
2018-04-04,118.42,118.63,117.83,118.14,1072159
2018-04-05,118.65,118.89,118.12,118.48,882137
2018-04-06,118.6,119.2,118.29,118.54,904196
2018-04-09,119.5,120.25,118.405,118.58,2765709
2018-04-10,120.34,120.7,119.5601,119.8,1489868
2018-04-11,120.53,120.85,119.765,120.0,907108
2018-04-12,120.75,120.99,120.26,120.85,640927
2018-04-13,120.81,121.17,120.3376,120.75,1200514
2018-04-16,121.04,121.24,120.11,120.37,1233398
2018-04-17,120.67,121.19,120.19,121.07,1131295
2018-04-18,119.96,120.83,119.88,120.41,1162595
2018-04-19,120.44,120.56,119.07,119.65,1496510
2018-04-20,120.32,121.265,119.99,120.84,1611875
2018-04-23,119.88,120.74,119.86,120.57,702730
2018-04-24,118.8,120.23,118.76,120.03,1314760
2018-04-25,119.69,119.79,118.23,118.25,1624250
2018-04-26,119.81,120.14,118.9,119.45,1277557
2018-04-27,119.96,120.45,119.5,119.5,759175
2018-04-30,119.96,120.66,119.93,119.97,1477256
2018-05-01,120.11,120.26,119.31,119.65,684383
2018-05-02,119.38,119.92,119.17,119.92,1046721
2018-05-03,118.8,119.54,118.54,119.23,1405893
2018-05-04,118.71,119.28,118.61,118.74,743149
2018-05-07,119.09,119.39,118.55,118.55,746183
2018-05-08,119.46,119.48,117.51,117.77,825868
2018-05-09,119.92,120.3,119.14,119.35,591378
2018-05-10,119.61,119.92,118.85,119.92,905940
2018-05-11,119.36,120.15,119.21,119.63,1092312
2018-05-14,119.7,119.96,119.25,119.88,1210377
2018-05-15,119.37,119.69,118.91,119.55,891519
2018-05-16,119.03,119.62,119.02,119.28,748802
2018-05-17,119.38,119.65,118.66,119.4,628217
2018-05-18,119.47,119.59,119.06,119.4,987765
2018-05-21,119.73,119.95,119.28,119.46,445487
2018-05-22,119.9,120.25,119.6342,119.7,798945
2018-05-23,120.24,120.67,119.68,119.96,1348013
2018-05-24,120.37,120.68,119.96,120.19,1040821
2018-05-25,120.36,120.75,120.27,120.27,558390
2018-05-28,120.36,120.36,120.36,120.36,0
2018-05-29,119.89,120.545,119.53,120.05,513190
2018-05-30,120.63,121.0,119.76,119.76,976668
2018-05-31,119.3,120.49,118.75,120.23,2870503
2018-06-01,119.92,120.23,119.3,119.94,670861
2018-06-04,120.21,120.25,119.37,119.93,561300
2018-06-05,120.12,120.15,119.58,120.08,578568
2018-06-06,120.26,120.26,119.75,119.9,613259
2018-06-07,120.21,120.34,119.85,119.95,1024221
2018-06-08,120.52,120.74,120.075,120.25,772143
2018-06-11,120.59,120.7,120.04,120.51,1725240
2018-06-12,120.79,120.92,120.25,120.54,1271608
2018-06-13,120.49,120.86,120.49,120.79,1170376
